Hours_Studied,Attendance,Previous_Scores,Tutoring_Sessions,Exam_Score
23,84,73,0,67
19,64,59,2,61
24,98,91,2,74
29,89,98,1,71
19,92,65,3,70
19,88,89,3,71
29,84,68,1,67
25,78,50,1,66
17,94,80,0,69
23,98,71,0,72
17,80,88,4,68
17,97,87,2,71
21,83,97,2,70
9,82,72,2,66
10,78,74,1,65
17,68,70,2,64
14,60,65,0,60
22,70,82,1,65
15,80,91,3,67
12,75,58,3,66
29,78,99,0,69
19,99,84,1,72
20,74,89,1,66
11,78,100,1,66
17,65,75,2,63
21,62,54,0,64
13,91,90,1,65
22,83,94,0,71
16,90,58,1,66
18,66,51,2,64
16,83,57,0,63
31,70,66,1,69
20,69,96,2,67
14,60,50,2,61
25,65,90,2,68
13,72,93,1,61
21,65,91,2,64
8,99,54,2,67
12,72,84,1,63
21,65,98,1,64
24,68,56,3,67
21,84,52,1,65
19,63,94,1,64
18,94,82,3,70
11,98,82,1,68
16,70,98,2,65
17,78,88,1,68
26,61,70,2,64
22,86,72,3,68
9,77,57,2,63
22,71,65,1,64
18,68,72,0,64
16,86,63,2,67
24,77,96,0,67
26,67,51,2,66
26,88,79,1,72
15,83,89,1,65
18,94,87,1,71
22,65,82,2,66
26,91,71,0,68
17,87,96,1,70
19,65,66,0,62
13,88,88,2,68
13,78,96,2,67
25,98,56,0,71
28,66,97,0,68
20,86,89,1,69
26,75,81,3,70
22,98,69,1,69
16,73,95,1,65
22,98,52,3,70
29,96,72,1,71
20,71,88,1,65
29,92,91,2,72
4,100,60,0,69
25,70,52,1,66
21,77,90,4,68
18,81,71,0,65
21,72,57,1,64
8,61,54,1,60
19,69,82,1,65
22,71,79,1,66
29,78,93,5,74
17,67,52,2,62
15,95,93,2,70
17,88,94,0,69
25,63,72,3,67
22,86,54,2,64
17,86,97,3,71
23,98,54,0,68
21,60,80,0,64
26,70,75,1,63
16,97,92,0,71
18,97,75,0,69
18,89,73,3,100
11,91,94,3,68
22,64,98,1,62
22,81,77,2,68
20,69,73,2,66
19,67,92,0,64
12,92,92,2,67
17,65,66,1,65
18,79,79,0,65
15,98,58,0,69
19,67,82,1,63
22,99,92,3,72
31,100,59,2,76
21,82,66,3,69
22,67,72,3,67
20,73,92,2,69
8,77,87,0,63
20,72,66,3,67
20,71,62,2,66
35,99,85,2,79
19,66,74,1,64
22,89,80,1,73
20,60,82,2,63
13,84,78,1,65
27,97,81,0,73
25,72,94,2,70
25,67,93,2,68
15,86,57,1,65
28,89,79,0,71
12,88,72,2,64
24,73,64,4,68
33,70,82,1,69
14,98,76,0,69
17,97,89,1,69
21,78,55,1,67
17,94,65,4,68
11,78,51,2,64
20,77,87,0,66
14,66,96,3,63
23,77,79,0,66
14,81,81,1,66
29,61,52,3,67
15,78,75,1,65
18,91,76,1,68
25,87,52,1,68
13,85,89,0,65
21,96,64,2,71
28,61,86,1,65
10,82,70,3,64
21,91,100,0,72
22,82,61,2,65
25,73,53,0,66
13,65,99,0,61
12,96,62,2,68
23,79,82,3,69
22,95,69,1,72
22,83,82,2,71
22,87,80,2,70
16,92,85,1,68
21,86,51,2,67
22,76,92,1,68
16,81,74,3,68
31,92,76,2,72
23,75,71,0,65
13,76,99,2,66
24,64,90,0,65
14,97,66,2,67
25,64,89,2,66
27,86,72,1,69
15,77,94,0,66
26,76,52,4,69
22,87,68,0,67
25,63,71,1,66
31,84,87,2,71
19,91,59,5,70
15,93,64,2,71
15,67,86,1,66
15,96,54,3,67
20,86,60,1,66
22,95,88,0,72
22,79,94,1,68
25,82,86,3,69
20,97,76,2,71
29,96,55,0,70
18,78,91,2,67
36,71,56,2,69
24,76,69,2,65
15,76,53,1,65
14,71,85,2,64
23,71,75,1,63
19,94,95,3,69
24,63,57,1,64
23,87,91,0,72
20,67,76,0,63
15,74,68,3,64
11,62,82,3,64
17,71,90,5,67
25,91,72,2,71
21,95,62,1,70
13,69,96,0,61
21,79,66,2,67
22,79,100,4,72
15,95,88,1,66
21,91,84,1,70
20,81,51,3,67
13,87,72,2,67
22,94,75,2,71
23,60,69,1,66
26,76,57,1,68
26,96,68,3,74
12,90,54,1,64
14,82,65,1,65
23,81,54,1,66
23,74,88,0,66
23,81,84,2,68
43,86,97,2,78
23,77,69,1,67
27,89,89,3,74
26,94,79,1,74
24,66,82,1,62
18,78,77,2,66
25,76,89,3,69
15,87,52,2,68
19,70,54,0,89
17,86,55,2,66
20,95,64,2,68
34,77,80,0,69
9,96,82,0,67
24,100,86,2,75
10,64,64,0,60
17,69,83,2,66
27,98,56,1,73
20,98,50,1,68
14,64,85,0,62
16,61,86,2,62
24,66,81,1,65
16,100,63,2,69
21,67,96,3,64
20,80,94,0,67
16,94,76,0,70
33,61,99,2,70
24,84,65,3,69
8,71,75,0,61
21,94,96,0,69
16,71,73,1,63
25,87,74,0,67
15,87,54,1,65
19,69,61,3,66
23,61,58,4,63
25,76,78,2,68
13,72,66,0,65
18,92,54,1,67
17,92,75,2,68
16,78,83,0,64
31,84,87,0,71
22,84,92,0,69
12,93,74,1,67
26,77,70,2,65
33,71,84,1,68
26,71,51,1,67
11,81,82,3,67
17,78,70,2,66
28,78,73,2,70
16,64,65,3,65
23,89,56,4,69
25,69,70,1,65
14,68,65,1,63
20,77,98,2,67
1,69,97,1,61
14,83,82,0,65
18,75,95,1,66
13,78,88,0,66
30,81,67,1,69
11,68,80,2,63
17,66,61,1,65
21,95,84,0,67
29,77,52,2,69
11,76,92,4,65
27,61,79,1,65
20,80,53,0,65
14,82,94,2,67
23,82,94,1,66
21,88,93,4,72
16,67,89,3,66
20,70,84,2,65
18,92,70,1,69
21,98,57,2,68
24,65,64,1,64
30,80,67,3,69
13,69,68,0,59
33,62,78,0,68
8,73,60,0,60
19,66,59,1,62
24,88,86,0,67
22,81,50,4,68
16,66,57,3,64
19,60,72,3,65
17,92,57,2,65
16,67,98,0,63
25,84,84,2,70
22,73,72,3,66
16,83,56,4,68
25,73,69,3,66
22,63,83,3,63
25,69,98,1,66
24,68,74,1,65
15,77,85,1,66
17,86,60,2,67
24,71,81,0,66
24,60,62,4,63
20,81,60,3,66
21,84,75,1,67
28,99,61,1,71
16,84,86,1,67
23,79,97,1,69
19,83,70,2,67
19,97,66,2,72
27,93,59,2,70
25,73,70,0,67
25,69,78,0,64
28,71,69,1,67
20,80,81,3,69
24,90,83,0,68
18,80,55,2,63
22,63,85,4,68
19,89,95,0,70
21,92,51,0,66
24,72,78,0,68
15,87,80,0,67
33,77,85,0,69
14,96,69,0,66
13,94,91,3,68
27,81,77,2,69
25,88,70,1,70
24,95,86,1,74
24,80,96,0,70
20,73,91,1,66
15,90,97,1,69
20,69,63,0,64
16,76,56,1,62
26,95,77,0,70
19,89,52,2,68
15,76,84,0,65
18,69,62,3,65
22,74,73,3,71
17,71,83,2,66
15,67,74,0,61
21,90,62,2,67
21,70,94,0,65
17,78,88,0,65
17,75,80,1,65
21,99,85,4,73
11,76,71,1,62
12,63,69,0,60
16,64,58,1,61
19,84,90,2,67
22,84,69,3,70
29,77,85,1,69
25,77,65,0,66
19,62,90,2,64
20,81,55,1,68
14,80,81,1,67
20,66,90,0,64
18,64,83,2,65
22,65,85,2,66
15,64,76,2,63
23,84,78,2,68
29,68,53,1,66
19,70,63,3,63
22,67,86,1,63
24,98,97,1,74
18,94,77,1,70
21,69,86,2,68
20,73,84,0,66
21,68,100,0,63
15,80,90,4,67
20,61,81,1,62
23,87,56,1,71
29,81,68,2,72
26,96,63,1,72
33,67,93,0,68
15,92,72,1,66
25,92,77,0,70
21,65,98,2,66
33,76,92,1,72
15,67,89,0,64
15,70,57,1,63
16,71,51,0,61
7,82,56,0,62
17,76,87,1,68
15,98,71,1,68
21,65,56,1,63
22,99,87,1,70
31,69,60,1,68
26,91,79,1,72
17,74,87,4,67
15,66,80,1,61
23,94,100,0,69
12,72,72,2,61
31,86,66,3,75
27,83,60,0,68
17,79,75,1,65
10,80,93,4,67
28,89,97,3,75
19,64,99,1,64
27,87,77,1,70
10,96,80,0,67
16,62,79,2,63
20,66,73,1,65
20,89,58,1,67
17,77,53,2,86
24,76,72,3,67
14,65,59,1,63
19,80,94,0,66
21,65,88,2,65
23,79,81,1,67
24,91,52,0,69
13,70,81,2,66
11,79,81,1,64
28,100,72,1,73
22,87,83,1,66
16,94,93,1,68
29,77,88,0,70
21,91,74,2,69
27,62,63,4,67
20,65,74,0,62
32,68,97,1,68
31,76,91,1,72
19,94,51,3,69
26,74,89,3,66
24,86,59,1,70
28,88,79,0,71
14,83,90,0,65
24,74,78,3,70
26,83,70,2,65
9,74,66,1,62
13,63,65,2,62
8,100,92,1,70
18,65,91,5,66
24,63,91,4,67
29,95,64,1,72
20,72,90,0,66
30,86,52,2,68
12,73,60,1,62
10,76,76,2,64
20,70,70,0,65
22,74,56,4,66
20,76,52,2,64
8,89,81,4,67
19,80,66,4,69
12,98,51,0,68
24,62,72,2,64
22,80,65,2,68
14,83,79,1,64
17,97,96,0,71
14,62,65,3,61
20,83,100,4,68
26,94,54,2,73
14,70,54,3,64
23,95,86,3,72
17,61,87,5,65
15,89,71,1,68
19,97,64,2,71
14,86,90,3,65
17,78,98,2,66
13,62,99,4,63
32,97,82,1,74
20,79,87,2,66
16,61,91,2,63
21,88,90,2,72
19,79,100,1,69
19,65,91,1,67
24,69,83,3,66
25,63,69,0,64
17,83,80,4,67
17,85,94,4,69
18,80,65,2,65
6,93,52,0,64
11,94,66,1,65
28,85,98,2,72
30,61,90,2,66
19,88,59,2,66
23,77,51,1,67
22,83,83,1,69
38,86,79,3,73
27,74,54,3,69
19,97,98,1,68
14,65,81,1,61
10,87,83,0,63
21,60,93,0,63
15,97,67,1,68
11,65,78,2,63
16,64,79,3,66
14,73,98,2,65
30,75,57,0,68
25,69,88,0,66
20,83,79,2,66
29,78,92,2,70
20,61,92,0,61
15,73,51,2,61
29,92,63,1,71
23,88,59,1,67
14,89,73,2,70
19,88,95,2,69
15,72,50,2,65
12,64,74,0,61
26,71,94,3,68
31,93,96,2,74
12,99,83,1,67
23,80,91,5,70
16,60,66,1,59
17,66,64,0,64
16,73,52,2,66
15,83,75,1,63
20,63,73,0,61
15,98,69,2,68
22,75,56,3,65
20,97,62,1,69
19,91,60,2,68
15,90,97,2,69
17,84,98,1,67
25,85,50,1,70
23,86,59,1,68
14,85,94,0,67
21,82,52,4,67
25,99,97,0,75
10,89,69,3,63
23,91,77,1,70
16,95,88,2,70
23,69,62,1,64
15,63,55,0,59
9,79,90,1,63
10,81,99,2,67
20,93,83,0,68
22,78,91,0,68
15,83,97,2,97
24,81,61,1,66
10,62,68,3,61
20,85,61,2,70
13,93,53,1,65
16,66,87,3,64
20,84,57,2,69
15,84,55,1,64
18,67,68,2,61
26,65,53,3,64
17,99,59,0,68
25,76,53,1,67
13,69,94,3,62
23,67,89,2,66
29,87,93,1,72
5,84,93,4,68
15,86,97,4,71
23,64,59,3,65
19,96,95,2,68
22,76,76,2,65
16,73,58,1,64
21,78,83,2,65
19,76,66,0,65
27,95,52,3,73
22,97,54,1,72
22,72,71,1,64
18,95,91,0,69
17,91,66,1,69
17,97,88,0,70
22,70,53,1,83
17,83,70,3,68
22,71,56,1,84
32,93,93,1,75
25,60,98,1,67
18,83,66,0,69
27,74,99,3,71
18,73,88,1,66
8,86,50,1,65
14,94,74,1,70
9,84,92,1,66
18,94,77,3,74
20,71,77,0,66
30,81,72,0,68
22,78,70,2,68
19,60,51,0,62
25,82,81,2,71
7,86,88,2,63
21,84,90,2,69
25,89,81,3,71
11,83,67,1,66
27,63,51,0,64
22,65,95,3,65
18,84,71,4,69
24,71,80,2,66
34,63,60,1,67
21,77,57,4,65
21,82,54,3,65
17,73,90,1,67
15,89,82,1,66
25,86,81,1,69
15,73,96,1,64
20,90,58,1,70
17,86,59,3,68
23,85,59,1,68
22,82,71,1,69
26,60,94,3,68
17,88,94,5,70
18,75,80,2,67
14,98,83,3,72
17,93,95,1,69
22,84,81,1,69
25,70,61,3,64
14,68,85,2,63
25,74,88,3,70
28,79,82,0,70
22,72,64,1,66
31,81,70,1,70
15,67,74,0,66
13,99,57,1,68
9,64,73,1,61
29,97,58,1,72
24,97,75,1,69
20,81,53,0,63
22,89,97,2,72
13,77,62,1,65
35,85,73,1,74
21,74,52,1,62
21,72,60,0,65
24,83,85,1,68
23,80,56,3,66
21,83,81,3,71
15,71,50,1,62
23,75,73,1,65
31,63,86,0,68
28,62,96,4,70
30,70,75,1,67
17,63,92,2,63
14,64,90,0,63
19,93,65,0,69
20,62,94,3,66
27,86,82,2,70
10,71,55,2,63
29,95,97,0,72
19,79,59,1,65
17,72,74,2,67
14,81,73,1,63
10,75,81,3,65
25,83,83,2,67
20,65,62,0,80
12,100,68,2,68
12,77,57,2,63
18,74,56,1,64
30,88,91,3,73
18,75,88,2,66
11,93,72,2,66
19,78,55,0,66
18,89,72,4,69
4,64,65,1,59
20,94,89,0,68
19,89,55,1,67
24,68,73,1,64
31,66,80,0,65
27,73,99,1,68
18,99,54,0,70
13,70,56,2,62
35,78,99,1,72
20,61,70,1,62
20,76,87,1,68
20,83,89,3,69
21,98,66,3,73
19,81,61,3,69
17,93,64,1,67
17,82,88,2,65
20,62,92,2,63
17,73,85,2,66
16,83,72,1,66
21,98,63,0,70
18,94,71,2,69
29,69,96,1,70
4,69,93,2,58
27,68,66,3,67
27,97,66,1,73
8,94,89,0,66
18,91,71,0,70
18,76,79,1,67
12,80,71,1,60
15,79,62,1,65
13,70,59,0,63
31,80,57,1,72
26,61,51,0,62
28,65,64,6,70
24,95,59,2,70
13,90,63,0,64
17,77,54,3,64
23,81,67,0,67
13,75,76,1,64
24,90,97,1,72
19,91,67,0,66
18,91,52,2,66
24,89,68,0,71
23,68,91,5,66
18,74,67,2,64
27,79,65,0,66
14,73,96,1,62
24,90,65,4,70
24,73,99,3,69
18,66,92,2,65
22,76,84,2,70
12,99,80,0,70
26,69,61,1,67
19,84,87,2,69
17,77,67,0,62
26,63,74,1,67
16,80,55,0,65
12,88,65,0,65
11,81,76,1,65
24,95,73,3,69
12,72,67,4,63
31,63,74,3,66
8,97,87,0,67
30,75,73,1,69
21,83,75,1,67
19,92,85,1,70
17,73,92,2,67
22,89,76,2,70
20,65,97,0,65
27,72,68,0,63
21,66,63,0,64
21,92,85,1,69
18,69,59,1,60
20,89,95,3,69
22,98,69,4,72
10,81,85,1,63
12,82,79,0,63
24,78,53,0,66
21,73,85,6,70
19,79,90,1,68
20,84,99,2,69
22,99,71,0,72
17,98,75,1,67
15,94,94,1,68
21,96,63,1,70
14,79,59,5,68
22,86,57,2,69
10,96,99,1,68
26,76,64,0,66
23,98,88,1,72
22,77,72,2,67
26,84,62,3,70
30,88,96,1,73
26,98,73,1,73
9,70,78,1,60
12,90,61,2,67
16,81,66,3,69
20,71,87,1,65
23,91,67,2,70
16,82,75,3,68
21,86,56,1,66
15,73,93,1,65
16,79,87,1,64
12,85,88,1,67
14,76,59,3,65
12,68,75,1,64
14,98,51,0,67
26,80,66,2,70
14,89,67,3,63
36,76,96,1,71
23,74,100,2,68
21,76,81,0,67
15,76,76,1,67
24,82,72,0,68
17,82,51,1,66
21,80,90,0,68
35,65,84,0,70
19,80,82,5,67
27,67,90,2,67
16,65,96,2,62
20,97,69,0,67
31,84,71,4,70
16,86,99,4,72
31,76,83,2,70
24,96,93,2,94
17,86,61,2,66
24,91,66,2,69
26,75,70,0,68
24,98,66,2,71
11,93,94,4,69
16,94,76,2,67
19,67,98,2,64
20,71,66,1,63
24,71,52,2,66
21,71,57,2,66
12,94,61,3,69
22,61,82,4,64
24,63,59,1,62
23,71,69,3,66
26,68,90,4,70
25,69,56,2,67
23,92,54,0,68
20,83,77,0,67
10,60,85,0,62
23,77,96,1,67
21,76,83,0,68
22,65,97,2,64
12,87,62,2,64
14,88,67,2,66
26,89,92,2,72
20,89,91,2,72
24,60,83,2,66
20,98,75,4,72
20,93,51,1,69
26,96,64,2,72
17,61,58,1,60
21,97,53,0,69
17,92,89,0,68
17,93,57,3,69
18,64,68,1,62
21,90,99,2,71
17,98,70,1,70
28,87,57,2,68
15,83,84,1,68
19,98,90,1,70
17,78,64,0,65
29,84,90,0,73
21,79,64,0,66
26,97,85,2,71
11,63,56,2,62
22,80,71,2,68
25,87,76,1,70
20,92,86,0,68
26,83,83,2,71
17,96,93,2,70
28,98,59,1,72
34,63,83,2,69
18,76,56,1,63
17,61,74,0,62
29,73,76,2,68
29,81,51,2,70
17,96,54,1,69
17,94,92,2,68
18,65,64,2,65
12,64,67,3,59
14,84,82,3,66
14,81,61,0,64
15,71,60,5,63
20,96,71,5,72
21,97,53,0,67
29,76,96,2,94
14,96,97,2,70
26,75,72,0,66
19,89,60,4,69
20,79,74,2,64
24,65,55,1,63
13,97,70,1,71
22,78,54,1,65
21,89,85,1,68
23,75,64,1,64
22,61,76,1,64
35,64,51,2,66
16,80,76,1,68
17,88,50,3,67
16,73,96,1,66
17,88,75,2,68
16,88,55,3,66
27,88,67,3,71
29,80,52,4,71
17,97,77,0,68
15,80,56,3,64
23,78,74,3,67
17,68,65,0,64
24,72,88,3,68
21,62,74,0,62
11,85,92,0,64
29,70,97,3,70
31,72,98,0,68
16,91,63,2,69
18,73,88,3,65
22,70,72,2,67
22,67,71,2,65
24,91,93,0,71
32,65,57,2,65
19,78,74,2,66
15,80,80,0,65
12,87,53,2,65
16,85,93,1,68
20,92,66,2,68
31,62,83,0,67
17,72,96,3,65
21,71,86,2,66
20,66,94,0,63
27,72,53,1,70
35,72,75,1,72
17,81,78,2,67
17,87,84,0,67
26,75,56,1,66
24,89,83,1,66
31,73,57,2,69
24,72,53,0,62
18,82,73,2,66
24,61,80,0,64
27,63,98,1,67
25,77,85,2,71
23,98,80,1,73
26,89,61,0,68
27,64,58,2,66
28,94,80,3,75
24,89,61,1,72
19,84,85,1,68
21,93,56,1,68
27,76,67,1,69
15,69,89,1,63
22,80,92,0,70
18,82,67,1,66
20,82,60,3,66
28,83,98,1,72
21,98,88,1,71
20,96,90,3,72
12,95,61,4,69
24,92,71,2,71
24,98,53,3,69
33,64,55,1,68
18,71,61,2,61
21,80,65,2,68
21,94,100,0,72
29,80,71,0,70
19,90,85,0,73
22,66,95,3,67
24,70,62,2,65
21,89,57,1,68
17,67,62,3,65
21,74,94,1,97
26,71,83,1,66
14,74,73,2,67
21,88,91,2,70
16,75,62,3,66
27,82,62,1,69
11,64,78,2,62
17,92,90,1,68
22,75,63,1,67
29,86,61,0,68
20,89,74,1,69
17,68,57,1,62
31,95,87,2,75
11,85,79,2,65
7,77,76,2,63
23,67,94,1,66
17,98,87,3,71
14,90,57,0,66
24,68,71,2,66
21,74,66,1,66
17,92,90,1,71
12,88,86,3,68
25,91,74,1,71
24,78,91,0,68
19,89,71,2,68
31,75,90,2,68
14,68,52,2,62
11,85,57,0,65
16,99,88,2,71
20,72,56,0,63
21,78,84,1,68
19,87,86,1,69
22,82,83,1,69
12,94,91,3,71
29,90,76,0,71
20,62,95,0,62
27,100,78,2,70
22,90,75,1,70
23,95,75,2,73
23,86,96,3,71
23,94,62,2,69
24,64,85,0,66
28,74,62,1,65
21,95,55,2,71
24,68,98,2,68
19,63,56,2,64
29,92,84,2,71
16,93,71,0,67
31,67,92,2,66
20,94,89,1,71
11,87,57,0,62
21,81,73,3,67
16,93,51,3,67
25,77,71,0,66
16,68,85,1,64
17,71,62,2,62
9,80,91,1,65
17,81,53,0,63
5,92,52,2,64
10,92,51,1,65
25,83,64,0,68
25,91,73,2,72
23,68,55,0,64
14,62,100,1,62
20,95,100,3,69
20,63,76,3,64
13,70,78,1,61
29,88,96,2,72
25,76,88,1,66
19,95,58,2,69
20,72,90,2,65
21,60,62,2,64
8,72,72,3,62
19,83,77,1,66
16,75,86,0,62
14,81,58,3,66
18,95,54,2,70
31,96,93,3,75
24,71,91,3,67
17,78,76,4,66
23,82,83,2,71
28,98,86,2,75
26,100,74,1,72
20,69,63,2,64
16,89,74,1,65
24,75,98,1,67
22,60,92,2,63
25,60,73,1,62
24,78,61,2,69
26,80,94,1,70
17,61,82,0,63
28,87,70,2,71
21,72,56,0,63
32,82,88,0,71
16,72,66,0,63
30,67,80,0,68
21,76,78,0,65
16,69,85,0,66
17,81,77,3,66
18,68,82,0,66
23,80,54,0,65
23,66,83,0,66
17,87,60,4,67
20,90,70,0,68
33,64,76,2,68
30,79,84,3,69
23,63,87,1,64
20,84,85,0,67
21,71,55,1,63
24,81,69,3,67
14,81,64,2,64
18,97,70,0,66
10,82,82,2,65
22,83,60,4,68
24,76,75,0,66
17,98,94,0,71
29,91,87,2,74
13,71,86,2,65
11,94,92,0,68
21,77,70,2,68
26,93,88,1,72
30,93,53,3,74
17,68,53,0,61
26,88,67,0,65
20,72,60,0,63
19,72,76,1,66
25,72,59,2,66
24,89,99,2,73
11,69,93,0,63
29,60,99,0,68
28,89,90,3,73
16,67,98,0,63
22,64,68,2,65
23,70,75,0,66
22,75,62,0,65
17,79,82,0,66
16,62,89,3,65
20,99,75,2,70
27,89,65,1,70
23,73,75,0,68
18,73,53,1,64
25,78,86,1,68
3,85,73,2,62
27,66,95,1,68
10,68,96,1,61
18,94,56,1,69
13,70,100,3,65
12,75,98,2,65
27,95,81,3,72
17,87,91,3,70
22,74,51,1,65
20,87,99,3,69
23,61,73,1,65
20,89,95,3,69
12,79,69,2,65
26,93,89,0,72
17,98,71,0,70
11,97,68,0,64
17,96,97,0,67
29,80,85,0,69
25,74,92,4,70
18,79,77,1,65
18,88,96,1,69
18,95,87,5,74
32,68,54,1,66
22,97,88,1,72
23,93,51,0,67
26,99,91,2,75
21,95,67,3,70
18,71,80,1,63
19,64,87,2,65
20,64,82,3,64
20,72,84,2,65
24,85,95,2,70
20,92,69,0,67
24,96,77,0,67
20,85,59,1,68
20,60,73,4,65
8,67,58,2,61
25,64,82,2,63
22,75,66,2,80
26,80,93,2,69
3,62,67,1,55
33,74,64,2,70
19,67,75,1,65
27,86,59,1,68
14,79,60,3,64
24,80,89,1,69
14,77,75,1,89
16,98,60,1,67
31,69,52,2,92
19,81,73,1,67
21,89,87,3,70
25,82,68,1,68
23,97,62,0,70
21,75,70,3,67
22,79,98,0,69
34,64,71,0,67
20,84,63,0,69
21,72,78,0,63
26,66,91,3,69
27,82,51,1,66
27,81,78,0,68
24,63,92,4,69
13,88,61,4,66
30,85,96,1,72
13,68,79,1,62
22,79,76,1,67
15,89,98,0,67
20,81,56,1,67
22,76,87,2,65
22,73,91,1,67
23,84,74,3,66
30,98,50,0,70
23,87,76,2,71
19,63,58,2,64
26,78,78,4,69
27,96,87,0,72
13,64,77,0,60
24,100,82,1,71
24,98,55,0,71
18,63,55,2,66
28,97,93,3,74
19,75,52,0,64
21,94,64,2,68
19,77,97,4,66
20,78,73,1,65
13,85,84,0,64
11,91,61,1,65
30,61,64,4,69
15,84,75,2,68
14,67,82,1,62
7,74,98,3,63
16,74,79,0,65
12,79,55,1,62
30,73,68,0,67
26,64,62,1,64
16,66,63,2,61
34,61,75,1,65
26,79,66,1,67
18,98,64,0,70
5,65,98,1,59
34,98,79,1,75
12,89,63,4,67
10,85,64,1,64
26,86,91,3,72
35,93,94,5,76
28,64,84,2,69
23,80,72,0,65
24,88,88,2,72
25,83,97,0,69
25,93,58,0,71
22,63,93,0,64
21,88,92,2,74
20,81,68,0,68
15,75,65,1,66
18,74,78,0,65
10,85,64,2,67
19,96,57,0,69
14,80,98,2,66
13,93,75,1,69
21,76,74,2,67
28,64,56,1,64
26,62,75,2,67
11,62,87,3,61
14,75,62,0,61
26,73,68,4,68
14,89,59,2,66
19,90,68,0,66
23,62,93,2,68
14,69,62,1,63
21,71,51,3,66
12,82,77,0,66
16,66,79,0,66
22,65,66,2,65
10,98,82,2,69
23,92,52,1,71
20,67,67,1,66
23,76,57,1,66
21,74,61,0,65
28,92,69,4,71
21,80,75,3,69
17,65,55,2,61
21,90,55,1,70
23,76,84,2,70
20,71,70,0,65
20,75,59,2,64
16,80,62,0,68
16,74,86,1,63
12,70,53,2,63
30,76,75,3,71
13,61,68,1,58
16,91,91,1,68
16,67,90,1,65
25,62,84,2,65
18,86,69,2,68
27,91,82,0,69
16,93,82,5,71
22,80,67,2,65
15,68,94,0,64
33,89,99,2,75
13,88,66,1,67
22,70,90,1,68
24,96,75,1,72
22,64,73,3,67
19,99,69,1,72
19,94,65,1,69
20,88,96,0,68
19,98,87,0,70
26,89,72,1,69
33,68,88,2,67
17,78,86,0,63
12,63,63,4,61
19,76,59,1,66
35,90,92,0,73
15,75,91,0,67
30,73,100,2,72
30,84,51,1,69
17,95,77,2,69
23,62,85,1,63
30,75,79,0,67
18,66,86,0,63
19,88,57,1,66
17,64,50,2,62
14,87,55,2,68
16,71,69,1,65
13,68,66,0,59
20,97,94,1,72
15,61,54,0,63
21,78,72,1,68
11,61,98,0,61
22,79,75,1,65
25,80,57,2,68
8,73,65,1,61
22,65,81,1,63
27,75,51,1,67
13,87,98,0,66
30,91,78,3,75
23,81,85,0,68
16,84,75,2,65
20,68,98,0,64
23,71,79,2,67
20,66,83,2,64
23,70,93,0,67
14,69,93,2,63
21,81,51,0,67
12,83,64,1,65
19,98,62,1,70
15,68,50,2,62
16,86,94,2,69
27,93,66,2,70
27,82,67,1,68
24,70,55,4,68
13,71,99,0,64
18,62,91,4,63
27,72,79,2,68
21,90,89,1,67
34,62,89,3,68
22,69,83,1,66
21,88,59,2,67
18,91,86,1,69
21,78,78,2,68
19,88,86,4,70
24,76,77,3,68
26,66,98,2,66
15,76,81,2,67
12,83,79,1,65
9,98,92,0,67
23,63,69,2,63
13,80,66,2,64
7,73,75,3,64
22,80,79,0,66
35,61,61,2,68
20,73,84,0,67
25,93,90,1,72
20,82,79,1,67
19,78,76,2,66
26,71,65,1,66
18,72,95,1,67
22,75,88,0,65
22,93,74,2,70
16,99,83,0,69
26,78,67,1,69
19,76,53,1,66
15,94,60,2,66
23,77,54,1,67
15,82,75,1,67
20,69,81,2,67
20,90,69,2,72
27,81,77,1,68
23,92,54,3,70
20,91,88,1,69
25,69,52,1,65
28,89,82,0,72
23,92,72,0,69
20,74,59,5,68
12,67,76,1,62
14,60,89,2,60
18,78,71,3,67
16,74,68,2,67
19,82,57,1,67
20,68,80,0,63
23,94,91,1,71
20,70,78,0,66
23,69,58,0,65
20,79,83,2,69
8,80,52,2,63
14,69,92,3,64
19,71,96,2,67
13,67,80,1,62
24,89,94,2,68
29,91,54,2,71
27,78,61,1,66
19,89,66,1,69
29,89,89,1,71
21,66,74,2,66
18,99,67,5,72
16,93,58,1,70
18,68,91,1,65
18,67,51,0,64
21,65,67,1,63
21,66,62,3,63
20,90,56,3,66
23,79,59,1,68
27,91,75,1,74
26,90,71,0,71
11,84,76,3,67
5,87,86,2,66
26,61,95,0,67
12,72,56,3,62
19,86,54,1,68
13,60,66,2,62
9,61,77,1,82
23,94,55,2,70
25,87,86,4,72
17,71,78,0,64
4,88,87,1,66
17,92,68,0,68
22,72,70,1,64
11,61,90,0,61
21,97,63,0,69
20,74,69,2,68
23,64,51,1,64
21,80,78,1,67
14,91,93,0,67
27,69,51,1,65
19,71,81,2,68
20,70,92,2,67
14,100,75,1,67
17,68,66,1,64
15,83,100,0,70
19,97,53,2,69
30,66,61,0,66
12,99,94,2,69
10,98,65,1,66
29,95,91,1,73
19,69,67,4,66
16,85,91,0,69
26,90,84,1,70
16,99,73,1,71
31,67,76,2,70
24,91,59,0,69
17,74,56,1,63
33,67,86,4,71
16,77,92,2,67
24,92,86,3,73
22,79,96,1,68
28,82,95,0,69
29,100,89,2,76
20,76,95,4,68
15,85,58,1,65
23,75,87,0,66
16,76,88,0,65
32,88,58,3,69
21,98,95,0,71
18,82,50,1,66
21,91,72,3,69
12,64,51,2,59
14,68,76,2,65
27,80,71,4,72
16,61,81,0,60
14,70,88,0,64
23,81,88,1,69
27,61,86,3,70
24,71,55,2,67
26,81,71,0,67
15,83,91,0,64
11,97,83,4,68
29,86,84,1,72
18,77,61,1,65
18,97,66,2,70
28,91,98,2,75
23,68,92,3,65
23,65,58,1,63
33,87,77,0,71
16,82,75,2,66
26,92,72,1,69
20,90,74,0,68
22,85,82,1,71
29,99,98,5,77
23,81,94,1,70
23,65,94,1,66
26,93,85,1,73
18,70,51,1,62
15,91,72,0,65
14,98,76,0,71
8,88,92,1,66
32,84,96,1,72
13,78,73,0,64
19,75,65,0,63
18,74,67,0,63
22,85,79,5,72
25,90,64,2,71
25,87,96,3,72
17,68,71,1,65
19,80,100,0,67
22,92,55,1,68
19,79,59,2,66
30,81,76,0,72
23,91,93,3,71
24,86,68,3,70
24,76,92,1,68
27,96,71,0,72
21,67,93,1,66
12,100,64,1,69
22,65,74,2,65
16,61,64,1,62
17,96,61,1,69
24,70,71,1,65
27,89,67,2,69
20,92,89,1,69
22,94,87,2,73
30,100,68,2,75
21,72,100,3,70
36,88,99,0,74
23,65,96,0,65
9,76,79,1,63
25,94,71,4,74
22,75,66,0,67
28,84,51,3,71
24,80,82,1,68
19,86,78,2,69
13,99,81,0,71
19,62,79,7,66
15,83,57,0,65
17,95,85,1,66
24,79,68,2,65
30,63,76,1,67
22,82,68,2,70
13,73,51,1,63
23,66,94,1,64
27,94,57,1,71
16,81,79,2,68
19,97,94,2,72
20,92,61,2,71
15,88,71,1,64
24,60,69,1,64
19,77,54,3,66
23,68,71,3,68
15,96,74,2,68
17,67,51,3,65
24,71,74,1,67
18,81,55,3,64
30,71,95,1,70
18,68,83,1,65
21,84,53,2,65
26,64,91,1,68
11,62,68,2,61
9,75,61,3,63
11,89,63,0,65
28,82,80,1,69
17,77,54,1,64
35,83,53,1,69
17,75,81,3,67
21,97,99,1,74
29,62,74,1,66
32,87,71,0,72
32,96,97,1,73
27,92,62,0,73
26,67,62,0,63
24,72,95,3,69
25,89,82,2,71
17,63,53,1,63
15,92,84,0,69
20,89,91,3,72
19,89,64,2,68
17,64,69,1,62
24,89,60,1,68
26,87,82,1,71
21,93,83,1,67
29,62,53,0,65
13,61,84,1,60
19,75,83,2,68
16,66,52,1,59
9,82,78,0,64
20,97,81,2,71
19,76,72,2,68
29,94,95,2,70
24,60,66,1,62
14,67,53,2,62
31,61,84,2,68
27,73,80,3,68
23,96,99,3,74
19,64,62,0,61
14,84,70,1,67
18,78,73,1,65
27,98,93,5,101
31,65,71,1,65
29,68,89,0,67
17,61,58,2,61
13,77,70,3,64
21,71,58,1,64
9,95,97,1,67
22,84,59,0,69
19,85,71,1,69
17,81,54,4,67
10,64,96,1,62
23,78,81,0,66
17,100,98,0,72
13,93,52,2,67
3,96,59,2,66
20,93,69,2,67
31,64,81,1,67
30,69,66,0,68
17,60,86,0,63
16,72,58,1,62
23,64,80,3,65
14,79,70,1,65
22,87,75,0,70
25,95,78,7,73
27,90,53,1,73
19,98,96,2,68
19,62,89,3,63
15,60,72,2,62
15,86,77,0,69
19,72,52,2,66
22,70,75,0,68
25,73,71,0,67
15,71,69,2,65
29,80,91,1,70
18,78,59,0,64
20,80,59,2,65
16,87,76,1,67
5,75,84,0,62
25,70,51,3,66
24,67,77,0,68
18,74,65,0,64
20,90,88,3,69
23,90,73,1,69
11,87,92,1,67
17,69,70,0,61
25,84,91,1,70
12,83,86,1,65
22,79,91,0,66
12,82,91,3,66
23,80,74,4,69
20,83,68,1,67
10,89,88,2,71
27,64,68,1,68
16,90,54,2,67
15,65,93,2,63
21,63,70,1,64
27,99,57,3,73
14,98,82,1,69
20,62,94,1,65
23,78,93,0,70
24,67,78,1,67
21,79,54,3,67
18,93,85,0,70
15,98,80,2,69
21,85,61,2,68
14,74,95,1,66
2,84,54,3,62
23,72,69,2,67
25,96,55,2,71
6,95,96,4,68
14,82,52,3,66
24,73,71,0,64
32,72,93,1,71
20,61,63,1,61
16,93,55,2,67
19,78,56,3,65
28,73,70,0,66
16,79,71,2,68
15,93,86,0,66
17,65,62,2,63
14,94,85,1,66
21,96,100,1,73
30,98,93,1,88
22,76,82,0,67
18,69,97,2,69
18,75,100,2,67
11,73,79,1,64
25,67,64,0,64
20,84,96,1,65
19,79,92,1,68
39,95,54,2,77
22,61,97,0,63
15,86,68,0,69
17,91,66,3,69
27,90,67,2,70
21,95,66,1,73
11,89,76,1,66
26,97,79,2,71
16,73,71,2,66
31,80,71,2,71
26,61,87,3,66
17,60,50,0,63
28,70,97,5,70
20,64,86,1,66
25,70,85,1,66
23,67,71,2,66
15,61,98,1,62
16,96,50,1,69
26,60,54,1,63
18,89,90,1,68
18,66,87,1,64
14,96,64,2,69
23,96,80,3,71
32,86,77,2,71
14,87,76,1,66
20,60,80,2,63
28,99,100,0,72
20,95,99,1,70
23,96,99,0,71
14,86,77,3,65
23,74,66,0,65
19,96,78,1,67
26,72,81,0,68
27,83,66,3,70
36,64,82,2,70
23,97,81,2,72
22,66,95,1,65
21,69,62,2,65
18,82,85,3,71
22,91,73,3,74
18,85,56,0,64
21,69,66,1,64
28,60,53,3,65
14,90,66,1,67
27,99,53,2,73
28,92,96,1,72
19,78,55,0,65
7,96,91,0,67
16,76,95,2,66
28,81,73,0,70
20,79,53,2,66
14,78,80,1,66
17,91,62,3,68
25,81,59,3,68
23,73,78,0,67
19,70,68,1,65
18,62,87,4,64
18,83,80,1,70
14,69,91,0,63
30,66,53,2,65
18,86,62,4,67
27,87,78,3,71
29,90,94,1,73
26,80,91,1,67
17,96,84,2,72
22,97,79,2,71
20,92,82,0,72
15,85,61,1,68
22,72,80,2,65
13,99,75,1,68
27,71,69,1,67
17,68,94,1,66
21,78,91,0,64
22,62,54,3,65
18,99,99,0,69
24,84,61,2,68
17,82,61,3,69
25,86,97,1,70
12,80,72,1,65
21,61,90,2,63
32,84,64,1,71
14,89,94,0,68
16,77,92,5,70
23,90,76,2,72
21,69,85,3,64
22,69,98,0,64
23,66,73,2,66
24,75,75,0,69
27,94,86,2,71
22,93,69,0,69
19,75,98,1,67
24,84,52,0,66
31,89,70,2,71
19,70,86,2,63
14,67,71,0,62
27,99,63,0,73
19,85,71,1,66
7,99,94,3,72
25,74,77,1,67
17,88,67,0,65
19,69,84,2,66
22,70,81,3,68
21,80,78,1,69
24,73,70,0,68
17,67,54,0,61
23,71,81,3,68
18,61,71,3,64
24,88,71,1,67
24,80,62,3,68
14,64,62,1,61
27,67,89,1,66
17,64,74,2,64
25,85,55,3,67
22,64,52,2,64
31,90,61,0,72
19,61,74,2,62
18,70,81,2,63
20,96,57,1,70
18,89,72,3,69
25,63,54,3,64
10,93,52,2,66
14,80,93,3,67
14,94,83,4,71
26,84,89,0,70
30,87,59,2,69
19,100,66,0,68
19,69,72,1,64
20,85,83,3,70
27,78,77,0,69
14,62,78,0,63
21,61,58,1,60
26,65,74,2,65
23,86,91,0,67
21,83,75,1,66
26,82,60,3,68
4,61,71,0,58
24,79,88,0,67
16,97,57,0,68
9,76,79,1,62
23,85,98,2,69
28,91,69,1,73
19,91,52,2,66
26,81,82,0,67
30,94,52,1,71
28,76,60,1,66
30,96,52,0,74
24,70,59,2,67
20,71,93,2,68
10,62,87,2,61
19,92,67,2,69
15,77,95,4,65
33,69,83,2,71
19,69,72,1,61
21,96,53,0,70
23,93,87,2,70
20,82,69,1,69
30,85,65,2,70
16,79,64,4,67
21,76,50,2,63
16,97,87,1,70
12,65,57,1,61
16,77,76,1,64
20,74,51,2,65
17,80,81,1,65
16,78,68,3,66
12,81,82,1,66
20,66,54,2,63
11,81,63,3,66
25,70,56,0,64
20,67,82,3,65
11,63,55,3,62
18,91,81,4,71
15,77,57,1,63
22,85,97,0,70
28,89,71,2,70
9,87,56,1,65
21,79,52,1,66
19,76,66,2,66
24,75,95,0,68
21,86,57,1,68
15,80,90,4,69
18,94,71,3,71
15,95,90,2,69
26,67,94,0,68
20,65,100,2,67
31,85,53,2,72
20,72,90,2,68
16,61,53,0,60
11,96,66,2,68
9,69,82,1,65
10,97,72,0,67
22,89,78,4,70
23,91,98,0,70
11,68,91,3,61
25,69,68,2,68
17,81,80,1,67
21,67,52,3,62
30,72,73,0,66
25,73,80,3,69
18,66,86,2,66
15,68,95,0,64
7,92,64,1,66
16,67,95,2,63
19,61,83,1,62
14,85,54,1,65
19,99,69,0,68
20,73,74,1,65
19,65,68,1,63
16,83,56,3,68
21,96,78,2,72
23,91,57,2,69
13,85,96,1,66
28,73,93,2,68
19,82,74,1,64
20,64,53,1,61
24,87,78,0,67
21,89,80,0,68
26,99,94,2,74
22,70,53,3,67
16,61,85,2,64
22,82,78,3,69
13,88,59,0,63
21,92,56,0,67
20,68,85,1,65
19,70,67,5,67
19,81,100,1,68
9,73,95,3,62
17,94,78,1,70
21,79,82,1,67
21,92,58,2,89
14,83,95,1,65
28,91,73,2,69
15,73,76,2,64
26,93,94,6,74
23,71,50,0,64
16,82,75,0,64
31,69,81,2,67
13,79,58,2,63
26,73,53,3,68
26,71,77,0,66
16,99,77,0,68
28,66,67,1,68
18,91,94,3,69
22,99,65,3,71
22,61,76,1,65
19,88,59,2,67
25,70,51,1,65
25,62,71,0,65
10,76,76,1,80
28,97,88,2,74
10,60,72,3,59
26,84,64,2,69
27,80,80,0,66
13,95,69,1,66
18,63,62,2,65
13,87,96,3,67
19,87,77,3,69
18,87,60,2,68
25,98,84,1,73
28,93,90,1,71
28,62,88,0,67
17,79,80,1,67
19,76,76,0,66
10,72,89,3,63
15,78,85,1,65
26,75,79,2,67
30,77,83,1,69
13,99,58,1,67
16,64,51,4,66
20,97,97,2,74
22,79,97,2,69
15,85,89,0,66
23,93,69,0,69
17,74,58,1,63
20,77,68,0,65
23,76,86,1,64
20,75,67,0,64
17,97,90,2,69
19,93,84,5,73
19,64,81,1,62
18,64,97,2,62
18,77,95,0,68
30,64,86,1,66
23,85,60,2,68
18,66,97,4,66
24,81,61,3,69
18,60,69,0,62
27,73,91,2,68
22,87,60,2,67
19,79,82,1,65
23,99,73,0,69
11,95,81,2,67
13,74,98,0,64
13,62,90,3,62
21,94,65,5,71
30,96,53,0,72
33,93,98,0,74
24,65,79,1,66
23,100,59,2,72
9,70,81,1,65
17,89,52,0,67
15,96,59,2,70
16,69,82,0,62
19,96,70,0,66
17,72,66,2,65
8,99,83,2,70
24,71,93,2,69
14,98,84,3,70
21,62,73,2,66
32,88,83,1,73
14,81,85,3,69
5,79,89,3,66
18,69,65,4,65
27,88,56,2,70
32,68,84,0,70
13,82,56,2,67
23,70,73,1,68
17,98,62,1,68
19,61,67,0,61
36,68,74,2,70
11,70,95,0,65
22,77,84,3,66
23,69,59,3,67
27,80,94,3,69
21,95,75,1,69
22,88,60,1,67
18,83,76,0,66
22,64,60,1,63
18,88,68,0,67
24,67,90,0,64
18,91,83,2,68
22,70,74,2,65
20,77,61,2,65
27,74,64,1,65
20,94,99,0,70
9,65,67,1,62
28,83,81,0,68
15,66,75,0,62
16,88,51,0,68
16,96,97,0,72
28,77,54,1,70
7,80,83,3,62
39,97,91,2,79
26,81,87,2,73
21,80,90,1,68
20,83,87,0,68
22,88,72,2,69
23,64,95,1,63
24,93,96,5,74
23,77,72,2,69
21,63,74,0,61
19,91,74,4,69
19,75,64,2,64
19,64,56,2,63
27,85,63,1,68
24,95,92,2,72
2,96,77,3,65
24,98,93,2,69
21,95,87,2,70
20,60,67,1,63
18,75,59,0,62
27,93,78,1,72
26,75,97,1,69
15,84,92,2,66
22,84,88,2,71
14,75,88,2,62
12,96,76,2,68
16,80,58,0,63
25,79,64,0,66
26,100,79,1,75
23,80,66,1,69
24,67,89,2,68
23,81,69,5,69
16,93,56,2,67
23,91,89,3,73
25,92,85,1,71
25,88,63,2,71
27,70,99,2,68
24,94,70,1,70
22,96,84,1,71
26,68,96,1,69
20,65,58,3,63
15,99,94,2,71
19,95,85,2,69
16,96,58,2,71
16,95,83,2,68
19,82,94,1,68
15,86,90,0,66
18,82,88,3,67
9,62,58,0,59
21,90,60,1,66
20,80,77,0,64
15,86,79,1,64
24,80,97,0,69
26,80,73,1,69
10,67,65,3,61
15,71,60,0,62
15,66,53,2,61
14,68,53,1,63
25,99,79,2,71
19,66,59,1,65
18,71,93,1,68
8,84,80,1,67
24,84,93,2,70
13,66,71,3,64
20,92,80,0,71
22,91,76,2,71
28,69,99,0,67
12,72,90,0,63
2,98,80,2,66
21,93,80,3,70
31,88,62,2,70
27,63,87,3,67
21,77,99,3,69
17,82,56,3,66
25,67,82,1,67
14,78,76,0,65
23,84,93,1,72
23,73,50,1,68
26,91,57,3,72
37,94,52,1,76
22,73,58,4,65
17,94,85,1,68
20,64,57,3,65
9,94,81,0,66
16,66,93,7,63
18,63,52,2,63
17,86,51,2,66
21,79,99,2,69
15,96,84,3,72
27,75,57,3,66
20,71,65,2,64
20,80,99,0,67
18,78,61,1,67
21,74,88,1,66
25,88,62,2,68
15,90,70,0,65
16,94,94,2,71
18,99,51,1,71
12,71,65,1,62
15,89,74,2,69
17,76,81,4,65
25,87,51,3,70
22,79,71,2,66
21,100,67,0,70
25,89,51,2,70
19,98,68,1,69
22,93,97,2,71
19,96,64,1,69
22,93,79,2,73
17,78,65,1,65
5,70,55,3,62
19,75,64,2,67
29,61,74,1,65
26,81,65,1,65
26,80,81,0,70
27,81,97,1,70
21,99,53,0,71
21,96,86,1,71
16,66,50,1,62
18,75,50,4,65
24,77,57,3,84
27,74,74,2,68
19,92,52,3,70
17,81,86,1,68
20,83,51,2,67
24,94,75,1,69
11,92,84,2,68
6,65,62,3,59
17,89,79,0,67
13,77,63,0,63
17,72,61,1,65
19,62,91,1,63
17,79,67,1,64
29,74,91,3,72
22,70,61,1,63
22,88,68,2,66
24,91,55,0,67
13,70,75,1,66
26,62,69,2,66
20,94,50,1,68
24,60,73,1,66
14,97,54,3,68
11,85,92,2,65
25,73,75,0,67
22,70,85,0,64
15,60,91,0,59
15,69,53,0,60
27,66,67,1,65
13,84,51,0,64
30,67,52,1,66
15,81,52,0,65
24,84,74,2,69
18,72,73,0,66
24,61,53,1,65
17,61,63,1,62
19,61,62,2,60
20,90,65,4,68
14,73,82,1,64
24,92,85,0,73
17,77,67,1,64
19,78,89,2,69
14,81,71,1,63
5,89,76,2,65
19,71,57,2,65
34,65,62,0,67
25,82,86,0,67
20,73,99,1,66
18,78,85,1,68
20,86,53,1,65
23,80,57,1,66
13,85,72,2,66
27,82,87,2,69
24,90,58,2,70
24,88,88,2,71
23,81,78,4,70
20,87,89,2,68
24,95,78,2,73
24,77,80,1,68
18,77,62,2,66
17,91,86,1,67
21,83,92,2,66
29,63,94,0,69
13,96,51,1,67
11,61,81,5,61
21,90,99,2,70
20,90,79,2,70
21,98,59,3,70
21,62,94,1,64
19,84,63,0,65
29,77,52,5,70
10,73,72,1,62
15,64,55,1,64
19,83,56,1,67
10,79,73,1,63
19,64,81,0,62
30,84,95,2,72
20,90,85,3,69
21,91,92,5,72
12,96,71,2,68
16,76,66,1,64
18,98,80,3,72
18,95,85,2,73
28,72,78,5,67
23,66,63,0,64
13,77,68,3,65
21,76,72,1,67
23,83,51,3,68
27,83,94,2,72
29,90,76,1,71
14,80,88,1,66
15,64,59,0,59
12,94,78,1,68
19,72,96,3,64
23,99,61,2,70
26,65,67,4,65
20,98,69,2,72
18,64,69,3,66
21,69,80,2,68
15,62,70,1,62
33,88,84,1,70
10,94,74,3,70
21,77,58,0,64
32,97,97,1,76
20,84,62,1,67
19,85,78,2,69
18,94,53,4,68
19,72,96,1,67
28,74,96,0,69
7,96,68,2,67
29,96,56,0,73
11,99,88,4,71
18,96,63,4,70
17,65,85,1,65
24,93,96,0,73
10,76,80,1,65
23,100,93,4,73
32,79,61,0,70
12,82,96,0,66
21,81,61,3,66
16,73,61,4,64
23,63,94,2,68
20,96,78,1,70
16,92,90,6,72
23,66,90,2,66
31,91,82,2,74
19,85,59,0,67
24,76,85,2,71
12,70,53,2,60
14,94,60,3,68
23,88,82,0,69
29,82,95,2,74
22,84,89,2,71
18,64,67,0,63
20,79,91,2,66
12,68,98,1,65
24,68,67,0,60
25,86,59,3,69
17,96,60,1,69
17,76,70,2,67
22,68,53,1,65
17,86,74,1,70
20,95,87,0,71
33,90,77,3,73
19,95,99,0,70
18,81,73,1,67
16,90,51,1,67
24,66,74,0,65
19,74,96,2,69
16,76,55,1,65
28,80,61,1,68
29,97,86,0,74
16,95,65,0,68
9,65,88,1,61
26,67,71,3,67
16,74,90,1,66
25,72,78,8,69
8,85,54,1,62
25,96,69,0,71
13,98,67,1,71
24,86,91,0,72
20,94,81,1,69
14,81,89,6,67
18,68,69,1,63
24,81,85,1,68
21,82,53,0,69
24,90,52,0,65
32,69,64,0,70
11,75,89,2,65
30,75,77,0,67
21,98,70,0,72
15,78,95,1,69
12,90,75,2,69
19,90,81,4,71
26,71,99,1,67
19,83,76,3,65
29,96,89,2,70
11,79,71,1,63
20,98,52,0,71
12,69,92,1,64
22,63,97,5,69
25,96,72,0,69
17,94,75,1,70
4,100,71,2,64
21,87,100,1,70
23,97,95,0,74
22,93,52,1,69
27,94,89,3,73
14,83,80,1,66
24,75,51,1,67
27,97,72,6,76
9,77,57,2,61
22,82,94,0,68
17,78,51,1,63
20,83,94,1,67
22,79,97,3,66
17,62,54,2,62
16,95,86,0,69
20,78,77,3,67
13,84,98,2,66
13,66,90,2,63
24,60,85,1,64
13,70,96,2,64
24,88,58,1,67
23,64,69,4,66
10,96,92,1,68
16,69,55,1,62
27,68,97,1,68
14,67,87,1,63
17,61,72,1,62
23,91,67,2,72
25,95,57,4,69
18,85,55,3,67
16,68,71,1,65
29,71,92,1,69
30,79,77,1,72
26,98,73,2,70
21,70,66,1,91
15,89,58,2,65
15,78,100,0,62
23,72,51,2,65
23,78,66,1,67
28,63,88,4,67
24,92,76,2,72
11,70,66,1,60
26,89,100,0,69
14,63,81,0,61
18,98,65,1,70
22,68,92,2,68
32,95,58,2,75
39,92,73,1,75
24,99,92,2,72
19,79,99,1,66
23,89,69,5,71
25,75,57,4,70
18,67,78,2,63
31,78,97,0,72
21,67,83,1,65
23,99,80,3,71
24,64,65,0,65
23,84,80,1,69
25,85,94,3,71
16,82,69,2,68
17,86,62,2,66
13,65,74,0,60
23,82,69,0,68
25,71,73,1,67
23,98,55,3,71
30,90,67,2,74
20,99,91,2,70
24,62,70,2,63
13,71,98,0,64
18,68,85,3,66
24,60,68,0,64
25,70,63,1,69
18,87,84,2,71
20,69,65,1,64
11,80,96,1,65
18,96,56,2,69
25,88,51,1,68
23,76,61,3,68
23,75,80,0,68
20,78,92,1,65
20,67,59,1,65
16,85,79,1,66
24,75,57,0,66
23,94,78,2,71
23,90,51,0,68
17,84,78,0,65
7,75,76,0,63
27,68,52,1,66
17,91,84,7,71
15,79,79,2,65
24,69,81,3,68
18,68,76,2,66
26,67,86,2,64
24,91,76,1,70
24,69,96,4,70
12,81,97,1,66
27,78,86,3,70
22,83,96,2,71
18,95,96,2,70
21,95,63,1,70
9,78,100,2,66
22,61,63,1,64
14,77,51,5,66
12,84,98,1,68
11,82,61,2,61
27,86,79,2,72
16,66,99,1,66
29,86,52,1,68
17,67,63,1,61
10,90,80,0,67
13,74,88,3,66
27,88,90,3,74
19,62,94,0,66
17,76,58,4,67
21,88,69,4,71
23,69,86,0,66
27,92,86,0,71
29,85,65,4,72
18,84,65,2,66
12,74,66,1,62
18,79,95,1,66
22,84,95,2,69
14,79,51,0,64
14,88,66,4,69
22,77,70,2,69
20,68,99,0,64
20,69,97,3,68
15,60,81,4,63
19,72,52,1,64
14,90,60,2,69
25,92,72,1,71
26,68,98,2,67
9,98,55,3,67
14,80,90,2,66
11,97,60,0,67
16,88,75,2,68
19,89,88,1,69
11,63,85,0,62
14,69,89,2,66
14,60,91,1,63
21,89,65,2,67
20,74,68,3,68
16,91,91,2,66
21,74,52,3,66
17,93,76,0,67
18,65,96,1,66
30,67,94,1,69
28,74,90,2,72
12,76,51,0,60
25,74,94,0,68
25,91,96,3,72
13,64,83,1,64
25,74,65,0,65
29,93,74,3,76
13,63,88,0,59
14,98,91,0,67
26,99,67,4,73
22,64,66,1,64
23,72,87,3,67
22,75,84,3,69
22,91,76,1,69
12,84,71,2,67
26,86,83,2,72
27,90,52,2,86
19,65,54,0,62
20,93,79,1,69
11,88,61,2,68
23,83,89,1,99
23,96,89,1,70
20,88,85,2,68
27,68,95,0,67
18,77,57,1,66
23,80,63,0,66
14,62,63,2,62
20,98,89,3,72
19,65,76,0,64
21,88,63,1,68
18,80,57,2,66
19,61,95,4,68
25,97,85,3,75
17,94,76,3,67
10,81,98,2,65
30,69,92,2,68
28,65,59,2,67
12,75,75,1,63
24,70,74,2,67
17,80,92,0,67
22,99,57,2,73
22,83,73,0,67
19,96,82,1,71
15,86,97,2,67
16,79,95,0,68
15,94,77,1,68
15,79,80,1,66
20,95,93,0,68
16,72,87,2,63
24,65,94,2,68
29,94,95,1,74
17,83,92,3,65
21,96,50,1,69
23,98,66,1,70
23,62,70,3,65
20,80,84,1,68
24,75,65,0,65
23,85,66,0,68
13,92,70,4,68
25,71,98,0,66
25,82,72,0,70
15,88,57,1,66
20,65,50,0,64
24,93,62,1,70
19,84,97,1,68
26,98,98,4,74
34,74,76,2,71
15,64,82,0,61
12,80,90,3,64
22,63,53,2,64
24,99,69,0,73
19,62,82,0,62
29,90,95,0,71
12,81,86,2,68
24,75,68,2,67
16,63,95,1,63
30,85,83,2,71
32,83,92,1,72
15,71,69,3,66
17,96,50,1,67
25,72,58,0,66
18,78,96,4,68
20,82,52,0,64
20,64,80,1,65
8,97,70,0,66
20,75,71,1,69
16,63,70,2,64
17,75,53,1,65
29,84,56,3,72
12,81,53,1,65
25,88,53,2,70
18,62,54,2,64
18,71,85,1,62
25,93,56,0,69
22,63,63,1,62
23,94,83,2,69
26,64,56,3,66
18,93,96,2,71
16,74,74,4,66
13,84,98,0,64
15,66,60,2,63
38,63,52,1,69
27,69,80,1,68
12,65,66,0,63
12,72,79,1,64
23,81,74,0,66
23,84,73,1,71
23,92,93,0,72
18,86,60,2,88
19,84,75,1,66
22,76,71,0,65
21,79,84,2,66
7,77,53,4,62
19,94,76,4,68
15,69,74,2,65
21,60,99,0,62
38,86,88,1,74
22,68,58,0,64
18,96,75,2,72
26,94,89,0,70
23,63,76,2,65
23,64,68,3,66
24,80,69,0,67
32,84,68,1,73
13,71,51,4,65
23,89,87,4,74
14,84,81,0,66
23,73,63,1,67
14,61,82,0,58
17,90,65,2,71
18,69,62,1,63
26,93,87,1,73
26,77,90,1,68
13,83,81,4,66
20,95,89,3,68
16,95,68,2,66
12,75,54,1,62
19,68,80,0,78
18,91,63,1,68
35,77,89,5,77
23,68,68,1,65
12,96,84,3,73
17,68,78,4,64
26,61,91,0,67
33,61,92,1,69
10,85,53,1,60
9,86,65,0,66
31,72,94,2,70
22,73,70,2,66
15,74,76,1,64
23,87,59,1,70
4,62,78,3,58
20,97,63,0,69
22,69,91,0,64
26,100,60,2,72
14,67,68,1,60
21,91,55,2,70
14,69,79,1,62
22,63,97,1,66
15,95,59,0,66
18,94,51,1,65
14,76,71,1,64
24,88,87,1,72
25,82,99,3,71
19,94,53,1,68
20,73,89,2,68
11,81,68,2,64
18,79,58,3,65
20,74,60,1,64
36,96,96,1,75
13,67,90,2,61
29,66,66,0,68
26,83,97,2,70
22,86,55,5,71
31,68,66,0,66
22,76,83,0,66
22,98,100,0,70
20,70,73,0,62
27,87,91,4,72
27,90,96,0,72
16,78,50,2,63
12,98,64,5,69
19,89,55,0,68
15,78,89,0,67
20,83,78,3,71
27,88,55,2,67
17,84,71,0,62
20,95,76,0,69
20,74,85,2,67
25,72,89,2,71
7,69,54,1,87
16,62,74,2,62
21,62,58,2,64
27,95,88,3,74
17,87,83,0,69
9,86,86,1,65
24,85,54,2,66
16,94,76,3,70
13,79,92,3,68
16,95,86,4,70
19,74,93,1,68
16,97,60,0,69
7,88,64,2,66
25,70,72,0,65
28,83,76,1,71
24,81,63,1,66
13,66,69,2,61
19,84,84,3,69
20,73,82,1,65
24,62,56,0,63
24,98,99,2,73
16,86,78,1,68
20,95,74,1,70
23,87,98,3,72
29,74,57,3,68
24,81,77,0,68
25,87,90,1,71
21,98,70,1,68
28,70,87,3,70
22,95,95,2,70
15,97,63,2,69
28,87,62,2,73
24,97,68,1,72
17,76,71,0,67
17,98,56,2,69
22,88,62,1,68
23,62,94,0,64
21,96,78,2,71
22,79,63,1,68
30,78,97,1,70
26,83,89,3,72
21,66,68,2,65
26,79,88,1,70
14,93,80,2,69
22,61,84,0,64
31,71,66,3,67
19,60,60,1,65
15,77,63,0,62
16,89,54,2,68
13,92,74,2,68
15,98,70,1,68
18,84,50,4,68
12,70,93,1,62
20,97,84,4,72
25,91,72,1,69
15,83,98,3,68
29,88,97,4,71
23,97,55,0,69
26,88,81,1,71
16,75,91,2,65
25,89,59,1,68
13,62,56,1,60
25,75,63,3,68
21,76,64,1,66
23,67,98,4,66
13,61,89,4,62
15,65,53,2,61
24,86,89,2,69
14,92,58,1,69
23,100,68,4,74
12,74,66,1,62
25,84,64,0,67
13,97,65,1,69
23,67,88,1,66
24,89,63,2,72
16,90,90,2,69
23,64,55,0,65
22,94,80,0,72
17,93,93,2,69
14,61,54,3,60
8,64,82,0,61
22,62,76,1,63
11,73,67,3,63
21,80,55,1,68
18,81,84,1,68
24,71,65,1,65
18,96,67,1,71
18,75,86,1,64
24,62,97,1,65
22,72,67,2,67
22,81,87,0,67
23,76,98,1,67
11,71,55,1,87
25,65,76,1,67
24,93,51,4,72
14,100,91,0,69
19,73,64,1,65
20,75,67,1,66
19,85,84,3,70
22,89,89,0,71
29,76,70,1,67
26,96,83,0,72
12,82,98,0,63
24,78,94,0,67
28,86,85,6,72
22,98,97,1,72
27,92,94,1,70
32,62,86,0,67
26,73,96,0,68
21,79,91,1,67
26,73,75,3,70
21,88,75,1,67
20,93,50,1,71
18,89,52,1,69
29,100,87,3,74
15,71,78,0,63
29,95,88,0,72
23,91,97,2,71
12,74,73,1,64
22,89,54,1,69
7,64,81,2,62
24,92,55,1,69
25,81,81,2,68
16,72,76,6,67
21,86,86,2,71
32,86,68,1,70
17,68,57,2,63
14,61,62,0,60
29,77,84,0,69
32,83,74,3,71
20,95,77,1,69
26,97,66,2,73
28,81,92,1,73
16,90,100,1,68
17,78,66,2,67
27,90,86,2,74
30,68,59,3,68
23,75,87,1,69
15,85,72,4,69
32,61,80,0,68
17,89,62,1,66
18,93,93,3,69
22,76,59,1,66
29,78,96,5,72
25,94,53,1,69
22,91,64,1,68
23,72,78,1,66
20,73,93,1,65
23,87,79,2,71
5,83,61,2,61
18,66,93,1,63
21,72,80,1,66
13,96,62,0,69
22,88,78,0,71
19,99,84,0,73
31,91,84,2,72
29,98,86,2,73
17,69,95,1,65
19,91,91,1,71
20,61,80,1,65
17,87,52,1,67
21,79,87,1,69
15,74,99,0,63
13,94,65,2,68
24,94,80,1,70
24,61,88,1,64
15,84,82,1,64
25,75,96,1,68
16,77,74,0,65
22,93,77,0,70
25,72,52,0,66
20,98,95,1,70
23,67,63,3,66
17,87,99,2,69
19,87,60,2,69
19,70,63,1,64
16,73,74,1,64
19,93,83,1,69
11,90,72,3,67
17,73,68,2,63
18,81,77,1,67
18,62,98,3,65
19,68,98,2,64
20,79,66,3,68
23,63,84,0,64
25,94,86,2,70
16,89,83,0,70
13,98,56,1,67
14,88,77,2,69
17,98,88,2,70
18,82,60,5,69
15,84,67,1,65
12,99,60,0,66
17,86,94,2,70
21,61,93,1,63
24,89,58,3,69
17,96,88,4,74
18,92,68,2,70
14,83,84,1,66
20,87,75,0,68
15,100,74,2,67
23,64,94,2,66
9,87,82,0,65
18,71,62,3,66
22,86,56,1,69
21,84,97,2,67
36,66,58,1,69
22,68,87,2,66
14,85,75,2,64
19,65,57,1,61
9,71,89,0,61
20,93,95,1,70
15,73,56,1,65
25,80,53,1,67
17,98,92,0,69
19,69,75,2,63
16,76,84,1,66
30,84,72,3,73
18,90,71,0,68
31,96,65,0,74
25,97,78,0,70
23,91,58,0,68
22,69,86,1,67
22,61,77,1,65
8,75,92,5,66
18,66,96,0,64
25,88,95,1,72
20,86,80,2,70
12,62,66,1,60
20,93,68,1,68
30,70,83,1,71
27,77,86,1,68
20,87,58,2,67
26,77,100,1,70
18,78,55,0,65
10,63,80,0,60
14,76,77,2,65
29,91,80,0,70
18,97,77,4,69
19,77,53,1,64
18,77,100,2,67
31,88,99,2,73
30,98,76,1,74
33,71,60,0,67
19,78,59,2,66
22,92,53,4,69
11,84,81,1,64
29,64,74,0,69
13,85,71,1,66
21,67,76,1,65
13,80,94,1,67
16,81,54,3,67
15,95,77,0,68
16,78,85,4,65
17,71,99,4,66
17,69,87,2,65
25,95,77,0,71
13,67,88,0,63
21,77,100,2,70
27,67,94,0,70
17,91,54,3,67
16,79,79,2,68
19,74,89,0,63
27,74,84,3,70
21,94,71,1,69
17,82,66,1,66
23,89,81,2,70
13,96,71,1,68
24,96,70,0,70
22,73,92,0,67
18,98,66,0,69
15,61,82,2,64
15,75,94,1,62
23,96,81,1,71
27,71,75,2,69
16,71,52,0,62
23,72,84,0,66
7,84,100,3,64
16,78,90,3,66
20,89,82,2,72
15,96,73,3,71
14,87,61,0,65
16,68,85,1,65
22,97,59,1,70
19,71,94,1,68
7,66,68,0,57
7,64,70,4,59
16,83,61,0,64
23,65,74,2,67
4,66,84,2,60
17,72,65,3,67
17,71,85,2,65
28,84,81,1,71
18,93,69,0,67
22,90,66,0,69
21,70,93,1,68
7,70,51,0,59
25,99,86,3,75
21,60,71,0,59
23,95,86,0,71
44,68,75,3,71
7,98,54,0,66
30,74,99,1,69
18,78,54,4,65
22,88,58,3,68
20,84,71,5,68
17,73,97,1,67
17,82,65,1,68
22,89,78,0,68
11,62,76,3,88
25,60,67,1,66
18,78,85,3,67
13,65,75,2,63
17,87,79,3,68
28,69,61,2,65
17,77,96,1,67
22,68,56,3,67
16,82,85,1,67
25,65,94,1,64
24,61,54,1,61
31,62,51,2,65
19,98,67,1,70
24,66,89,0,67
21,88,86,1,68
28,63,91,1,65
16,64,70,3,63
24,80,100,1,72
19,79,68,2,68
20,98,90,2,73
21,98,68,0,71
22,91,61,3,70
19,84,67,0,68
21,78,60,3,68
29,74,56,2,68
26,98,68,1,71
25,84,57,4,70
17,83,75,2,67
15,69,52,0,61
26,62,72,1,64
25,98,98,1,72
29,73,68,1,67
16,78,57,1,65
19,65,65,1,64
10,93,90,0,66
18,61,66,1,62
26,93,69,2,70
17,66,89,1,64
24,95,63,3,70
19,89,74,1,66
22,67,53,0,62
13,83,59,4,63
21,73,60,2,66
2,67,73,1,58
19,94,91,1,70
10,76,68,1,63
27,76,69,0,70
25,67,65,1,65
23,75,66,5,67
29,95,70,1,73
14,75,95,0,82
30,98,51,0,71
26,98,81,1,73
19,66,94,1,65
27,67,71,1,67
13,95,83,1,67
15,76,79,4,69
16,60,67,0,61
17,71,57,3,64
14,84,61,1,64
27,92,53,2,68
18,65,88,1,62
22,64,77,5,66
17,97,89,1,70
9,90,65,3,67
22,84,90,2,70
9,91,65,0,65
20,77,56,1,65
12,90,77,3,70
32,75,97,1,72
25,70,71,0,65
21,89,76,1,71
28,77,73,3,71
15,99,73,1,72
23,74,61,0,64
21,97,71,2,72
22,97,75,1,71
28,70,87,0,66
24,92,57,3,71
22,77,79,2,67
10,97,83,1,69
14,78,69,0,67
19,90,77,0,71
21,79,86,1,66
13,69,73,1,62
34,68,67,0,67
29,77,91,2,70
24,90,99,0,72
20,84,61,3,69
19,88,94,1,70
14,71,77,0,64
20,79,72,1,65
22,62,95,2,66
13,93,96,2,68
22,100,64,2,72
19,76,68,2,65
9,60,93,3,60
15,67,75,0,63
18,86,64,3,66
31,84,98,1,73
23,92,61,4,71
12,70,81,1,59
23,91,71,5,70
11,88,73,1,63
26,73,55,1,67
17,82,63,2,65
19,66,58,5,64
28,78,87,2,71
12,95,85,2,70
12,77,90,2,63
16,94,85,3,68
26,84,56,1,67
11,68,99,1,66
3,83,59,2,63
17,80,68,0,65
23,76,85,2,66
27,65,57,2,65
17,77,59,2,65
18,63,94,2,63
27,64,67,0,65
9,77,83,1,62
18,72,93,1,66
21,97,99,1,71
23,75,61,2,64
17,90,56,0,67
20,81,87,1,68
5,88,59,3,63
16,70,79,0,64
23,98,77,1,74
14,81,78,2,68
20,93,82,1,68
23,75,93,2,69
18,64,64,4,61
21,87,78,1,69
14,60,67,3,61
19,79,66,3,67
24,68,51,0,63
21,85,80,3,68
16,99,99,0,68
21,79,88,2,67
24,93,62,1,69
8,80,86,2,64
27,80,65,1,67
18,97,88,1,70
23,96,93,5,72
27,91,67,1,71
12,72,50,1,62
16,82,65,2,67
18,69,60,3,64
15,78,81,0,64
30,79,65,1,70
15,93,52,3,68
17,96,77,1,70
21,77,94,1,65
13,61,73,2,59
18,94,69,1,69
22,67,59,2,67
18,85,69,2,68
19,61,67,1,62
17,76,100,0,65
11,99,52,0,69
22,64,62,3,65
31,77,53,1,68
20,72,93,4,68
21,96,71,3,71
24,95,90,3,71
12,70,85,1,66
30,63,96,4,71
21,85,51,2,66
30,73,60,0,66
16,87,85,2,69
31,61,79,0,65
25,65,85,2,66
23,87,79,2,67
21,68,79,1,66
19,94,97,0,69
27,62,96,2,66
21,69,52,0,64
8,100,71,0,70
13,77,76,1,62
19,88,68,1,67
22,67,52,1,60
20,84,74,1,66
27,89,99,0,72
8,73,54,2,63
21,93,91,1,69
9,84,60,1,66
25,76,79,2,69
19,82,69,2,68
23,83,67,3,66
15,67,94,0,63
28,76,99,1,70
26,74,69,2,68
24,76,82,2,68
19,90,78,1,67
23,79,54,1,67
16,98,52,3,69
25,72,89,3,68
30,77,70,0,67
26,91,65,0,70
16,82,99,3,70
22,82,54,2,66
12,62,63,0,61
23,76,93,2,68
23,71,71,1,64
9,100,79,1,66
13,72,52,3,65
18,95,96,3,73
18,87,57,3,66
13,74,61,2,65
22,82,58,0,68
22,94,75,0,69
19,95,91,1,72
15,66,63,3,63
26,74,57,0,65
30,73,70,0,69
17,62,99,2,62
16,84,51,0,66
23,94,75,3,69
18,75,83,2,67
19,90,90,0,94
24,85,87,2,71
9,75,54,2,61
28,66,73,2,68
20,88,54,0,66
18,94,81,0,71
19,87,54,3,66
20,61,52,2,60
10,69,65,0,60
29,63,97,3,66
20,83,85,1,67
23,90,50,4,67
26,64,64,2,64
14,94,51,0,66
23,82,65,1,68
18,88,84,1,70
25,99,88,3,75
7,63,90,0,86
19,96,95,3,73
16,65,68,1,61
23,76,93,0,68
23,94,86,1,70
16,96,77,1,71
16,80,98,2,71
19,84,97,2,68
15,88,95,2,70
25,93,60,1,70
18,65,60,0,62
3,92,95,3,67
18,79,70,3,68
14,78,90,1,68
10,77,84,2,64
13,80,88,1,68
21,98,51,0,69
28,82,71,1,70
22,98,93,4,73
16,67,74,1,66
23,89,85,0,68
17,92,88,1,68
16,87,56,2,65
13,84,58,2,66
9,83,86,0,62
18,94,53,3,67
21,93,67,1,73
19,65,96,2,65
18,94,79,2,70
14,77,96,3,68
24,70,65,3,67
12,95,82,2,66
25,77,64,3,65
14,92,56,1,66
15,71,100,2,66
11,60,59,2,60
17,80,59,0,66
26,64,92,2,68
23,90,90,3,72
26,71,99,1,68
23,78,54,0,67
13,63,55,0,62
18,71,72,0,66
15,91,80,0,69
28,66,52,0,64
13,86,58,0,63
25,97,85,2,74
25,87,83,0,72
31,92,54,1,71
18,64,97,2,64
24,70,63,0,65
34,96,94,1,75
16,89,96,2,69
11,86,75,1,65
9,87,71,0,60
24,77,64,2,69
9,62,90,4,65
18,91,60,0,67
23,87,81,5,70
21,79,78,1,66
23,96,62,0,69
21,73,99,2,69
28,72,92,1,68
14,95,51,5,70
16,92,71,2,66
15,81,68,0,65
25,65,94,1,65
25,69,63,1,65
23,86,100,0,69
27,75,60,4,69
13,93,62,0,65
30,98,83,1,76
29,92,58,2,72
24,75,94,2,67
31,92,55,3,74
10,74,99,2,66
17,67,94,2,66
16,61,92,4,66
24,75,70,5,71
14,96,76,0,66
25,70,73,1,65
28,68,99,1,69
24,99,52,1,69
22,61,69,2,63
14,91,98,0,68
15,73,68,1,64
27,61,70,2,64
25,97,82,1,73
20,66,95,2,66
17,82,65,4,67
8,71,97,3,63
14,63,64,1,61
31,62,91,4,71
12,65,64,1,61
21,63,54,1,62
26,90,91,1,74
12,79,73,2,65
21,74,70,2,64
26,77,71,1,66
20,97,81,1,72
37,96,63,0,76
10,89,62,4,67
26,95,74,3,71
19,73,52,1,65
25,75,82,3,68
23,85,91,1,68
16,85,86,3,67
21,79,73,1,64
9,76,78,0,60
24,99,51,1,70
22,93,96,1,73
24,77,78,2,69
26,89,66,0,70
22,71,65,1,64
21,64,83,2,64
15,74,79,0,65
16,76,59,0,62
27,61,70,0,64
29,93,84,0,72
19,74,65,1,64
20,83,75,0,67
15,63,63,4,64
27,67,54,0,61
24,96,69,1,72
32,84,87,2,70
15,98,61,4,70
18,100,88,2,71
21,75,83,1,68
24,72,75,3,68
19,94,99,0,70
15,100,94,2,73
25,85,78,2,69
24,92,78,0,71
15,91,64,1,64
28,74,96,0,68
27,83,95,0,69
21,93,87,1,70
20,88,56,1,67
23,61,85,1,66
15,73,63,2,65
20,66,59,4,66
7,69,88,0,61
25,96,98,0,71
11,61,55,5,60
29,69,58,1,66
18,72,61,1,61
19,85,98,2,68
16,81,85,2,68
18,69,84,2,65
29,67,75,3,65
5,69,77,2,60
28,80,65,2,67
22,71,58,2,65
13,98,89,1,70
14,79,74,1,64
30,62,63,2,68
14,89,82,2,69
13,73,60,0,65
27,86,74,2,71
22,71,60,1,65
14,83,88,0,65
21,91,66,0,68
14,97,72,1,66
27,70,88,1,65
26,73,83,2,71
23,79,70,3,68
22,97,54,2,70
31,96,96,3,74
20,64,50,0,62
13,65,87,1,61
23,80,97,0,70
33,64,65,0,65
14,74,54,2,62
18,66,62,2,65
22,85,66,0,68
20,98,73,2,70
14,100,76,1,68
27,75,86,3,69
34,84,95,1,73
21,94,73,1,71
15,65,87,0,63
11,88,56,2,66
22,76,66,1,67
27,68,56,0,64
23,76,85,1,66
20,63,95,2,69
16,88,94,4,72
13,70,66,1,63
25,72,62,2,67
25,65,64,1,64
11,95,64,4,68
30,80,54,1,71
23,83,57,2,67
28,83,61,1,67
12,76,50,2,64
12,68,52,5,63
19,90,85,2,72
23,65,81,2,63
31,64,97,2,67
24,88,70,1,68
19,68,72,2,64
14,72,53,4,65
27,79,58,2,68
14,78,85,2,66
30,88,62,4,73
18,85,89,1,68
30,86,85,2,72
24,89,87,3,70
19,72,85,1,66
17,73,85,3,66
18,78,77,2,66
23,72,84,2,65
20,99,76,2,71
16,93,60,1,66
19,67,61,1,63
20,60,70,2,63
7,62,51,0,58
23,70,94,3,68
14,65,63,2,61
13,81,53,2,65
10,94,71,1,67
9,89,91,1,67
12,69,70,1,62
16,76,63,0,86
32,80,77,0,71
17,92,79,1,70
21,94,88,1,71
22,96,90,2,71
21,80,85,1,70
20,88,50,2,67
13,64,50,0,60
29,83,99,0,73
31,70,63,1,67
10,77,64,1,62
14,85,87,0,67
18,70,79,1,65
14,62,73,1,61
23,60,56,0,61
16,61,54,1,60
33,60,85,4,68
27,64,56,0,65
21,70,72,3,67
26,69,87,2,67
27,99,96,0,74
17,72,94,4,64
15,65,93,2,64
20,82,68,2,67
25,94,96,6,74
21,87,84,1,69
11,72,94,1,62
15,82,54,1,66
20,89,52,2,69
20,89,71,1,68
32,87,91,2,74
12,95,70,4,68
23,95,94,2,73
29,83,62,4,70
34,77,52,0,69
18,86,88,2,68
23,93,81,2,71
23,60,72,3,64
21,100,92,3,71
19,67,91,1,65
23,79,66,1,68
5,95,92,1,67
24,69,67,2,67
21,79,81,2,67
19,65,60,1,63
32,76,63,0,68
16,67,72,1,66
18,75,66,1,67
32,75,56,3,68
15,100,74,2,72
17,100,76,3,70
19,65,58,3,62
25,89,59,2,69
21,62,51,0,61
12,61,52,2,58
17,64,68,5,63
16,99,57,4,71
20,98,96,1,70
23,68,60,1,64
23,66,53,2,63
9,70,70,1,63
26,81,60,2,71
22,83,53,0,65
28,69,88,2,68
23,90,78,1,70
27,72,53,3,68
23,97,73,3,69
28,86,52,0,70
23,77,68,0,67
19,92,68,2,69
34,93,91,2,73
25,72,87,3,68
23,74,95,2,67
12,97,57,0,67
12,67,77,2,64
22,62,51,2,63
21,78,91,1,67
16,92,68,1,70
21,91,53,1,71
30,97,66,1,74
24,81,64,2,70
13,64,88,1,59
19,84,56,0,64
15,91,78,2,67
18,64,90,1,63
18,67,87,5,66
17,60,97,1,62
12,84,50,3,65
19,95,68,3,73
17,87,68,1,70
2,99,52,0,62
32,63,91,2,68
27,96,84,1,74
18,93,76,2,96
20,73,70,1,66
13,99,95,0,69
30,72,63,1,70
31,96,67,2,73
21,95,98,1,69
26,90,53,1,71
21,83,89,0,65
12,65,86,1,62
18,81,95,1,69
21,74,55,3,65
17,92,99,1,68
19,90,51,1,65
19,96,67,4,72
20,61,54,2,67
20,92,53,2,68
14,98,98,0,68
16,92,86,2,66
12,65,75,0,62
26,63,55,2,65
7,61,76,1,60
27,85,66,2,70
28,85,64,1,68
18,99,81,1,72
4,76,90,2,63
18,73,72,1,63
20,85,75,1,67
14,93,83,4,68
17,97,56,2,69
29,92,91,1,75
24,77,92,0,67
14,85,77,2,69
10,94,59,0,65
18,80,75,2,65
19,69,55,1,63
23,67,88,2,65
17,60,66,0,58
23,89,66,0,70
32,64,97,1,66
25,70,71,2,63
20,72,89,1,62
19,82,82,2,69
18,76,66,1,66
27,87,56,0,68
16,62,90,2,62
20,65,88,0,64
20,80,58,0,65
17,73,62,2,64
12,72,88,2,65
22,63,99,3,65
20,96,92,0,70
23,88,84,2,71
17,65,96,2,65
27,63,64,1,67
15,99,50,4,68
30,87,66,1,73
10,77,99,0,64
23,88,94,3,71
23,90,53,2,70
15,91,75,4,68
23,79,54,2,68
28,77,89,3,68
7,60,69,0,59
23,97,96,2,74
5,84,53,1,62
14,68,87,2,64
30,97,70,0,76
17,97,63,2,70
13,100,76,0,69
19,95,74,0,69
32,100,67,4,74
9,70,82,2,62
14,94,83,2,70
29,93,54,4,71
31,69,80,4,68
19,64,86,3,66
13,99,54,3,67
33,72,83,3,71
30,95,90,3,74
24,60,92,3,65
15,61,52,1,60
20,79,85,2,69
19,70,90,2,65
22,88,70,3,69
29,83,77,1,70
25,63,63,0,65
14,67,66,0,57
28,76,75,0,68
22,67,58,2,67
24,92,69,2,70
29,77,65,1,68
13,64,62,1,62
20,79,74,1,67
17,64,92,0,66
11,65,62,2,60
22,70,83,0,65
35,94,63,1,75
9,97,57,4,67
20,93,97,1,71
24,73,82,0,63
21,71,55,2,67
19,82,82,2,68
12,89,59,2,65
21,100,94,1,72
15,65,62,1,61
7,62,90,1,60
27,88,60,2,72
26,93,78,2,72
20,94,96,2,70
21,87,65,2,67
26,98,54,0,71
21,80,78,0,66
25,97,59,0,72
18,99,86,1,70
28,94,80,2,71
22,72,67,2,64
21,68,85,3,66
12,82,62,2,64
22,78,96,0,67
15,95,67,3,67
16,64,88,1,64
15,70,63,0,61
14,90,86,4,99
33,64,52,3,67
28,73,65,3,72
32,75,55,1,66
13,85,73,3,68
20,66,72,1,64
12,94,68,1,69
16,78,99,0,65
14,97,62,1,66
27,79,90,3,73
18,71,72,0,63
26,66,67,3,66
24,60,60,3,65
34,81,82,1,71
11,64,67,1,58
28,76,91,0,68
27,84,98,0,69
14,71,61,0,63
26,67,56,1,66
22,91,66,0,69
19,98,73,3,69
15,64,65,2,63
16,66,99,1,65
32,98,89,2,76
20,62,98,0,67
25,99,69,1,70
15,60,65,1,60
15,95,70,2,68
26,72,76,1,68
12,98,87,2,70
18,73,94,1,68
20,86,73,3,69
21,63,64,0,62
19,70,66,1,64
22,91,85,2,71
24,81,78,1,68
24,97,74,0,72
14,77,60,1,64
18,95,94,6,73
27,78,89,0,69
25,99,57,1,70
12,98,68,3,69
22,73,77,1,64
8,95,73,2,66
20,94,70,1,69
31,68,86,1,68
14,85,53,4,65
15,63,74,4,62
25,93,63,2,75
11,67,54,0,60
16,63,73,0,63
24,76,59,2,66
16,83,63,0,67
19,94,75,1,68
24,99,99,0,72
23,78,84,0,66
22,62,64,0,63
18,90,69,1,71
22,83,70,2,67
19,78,58,1,66
23,72,58,2,66
17,80,57,4,68
19,74,76,1,66
14,90,84,0,68
20,82,80,3,68
15,95,99,0,68
13,82,56,2,66
22,70,99,1,66
21,94,73,0,70
25,82,61,1,68
17,68,97,2,65
22,85,73,1,70
23,74,67,3,66
23,94,61,0,68
15,78,63,1,64
21,89,99,0,69
22,64,65,2,65
20,76,99,3,69
7,99,67,1,66
21,92,62,1,68
33,66,59,3,70
18,71,71,1,65
16,73,62,0,65
22,86,85,1,68
22,90,62,0,67
27,90,92,0,72
12,80,92,1,70
24,92,64,1,72
24,77,88,1,71
19,65,93,1,64
22,83,80,2,69
26,98,68,4,73
25,92,72,1,70
13,83,89,1,68
25,86,65,2,71
20,97,67,1,71
20,77,58,0,66
20,73,70,3,68
19,99,54,0,70
27,95,66,3,72
19,73,69,1,66
13,79,63,3,65
18,77,55,3,66
21,66,76,3,65
27,98,93,0,72
24,76,67,2,68
15,95,62,0,68
35,68,64,0,67
22,82,93,2,68
28,61,76,1,67
19,91,57,3,69
23,83,85,2,65
25,85,58,2,70
27,62,53,1,64
26,68,63,2,66
25,63,58,1,64
18,72,80,1,66
17,85,74,1,67
22,83,86,3,68
26,84,76,5,71
19,82,71,1,67
26,71,76,3,69
29,70,72,1,67
15,65,52,4,61
15,94,84,0,68
19,85,98,2,67
22,67,71,1,64
17,67,71,3,63
28,95,52,3,72
23,90,95,2,69
20,86,96,1,66
11,76,91,1,64
12,70,55,2,61
22,99,95,2,71
7,92,51,0,63
26,72,72,2,65
19,94,75,2,71
39,90,92,2,78
34,72,88,1,73
19,77,90,1,65
19,67,93,0,66
26,64,74,3,66
30,89,89,3,74
10,71,53,4,62
9,93,72,1,66
16,100,52,4,71
23,63,96,2,67
23,79,98,0,69
26,92,54,2,72
13,92,77,2,72
6,90,66,2,65
25,74,67,1,71
15,78,73,0,64
8,84,56,1,61
21,99,59,1,69
25,73,79,1,65
19,97,51,3,69
17,71,80,2,64
19,100,66,1,69
18,87,92,1,68
12,79,80,1,63
16,85,85,1,66
23,71,56,1,65
22,71,63,2,66
21,65,100,3,67
14,65,72,3,62
19,74,68,2,66
7,91,94,3,68
21,84,52,2,68
29,64,77,0,63
11,94,61,1,66
16,84,68,3,65
22,98,60,1,72
28,87,52,4,70
17,67,71,1,63
16,79,89,0,65
8,86,98,1,65
21,61,81,1,66
32,61,69,0,68
22,65,88,2,64
20,70,75,3,66
22,77,68,3,68
20,79,59,0,64
15,66,90,2,62
25,87,75,0,67
21,84,98,1,67
20,72,90,1,65
14,61,71,2,59
28,63,87,0,66
24,76,73,4,68
17,66,54,2,63
26,75,76,2,68
17,85,93,2,68
15,82,93,3,66
15,69,79,1,63
9,74,69,3,61
23,85,51,0,68
9,94,66,0,66
13,90,99,1,69
8,82,86,0,64
19,74,86,1,68
19,75,88,0,66
18,95,81,0,68
14,62,79,2,62
13,100,73,1,68
23,87,72,1,69
17,87,94,2,70
22,62,70,4,65
15,84,92,3,68
21,79,92,0,67
28,64,89,0,64
24,71,52,2,63
18,96,57,1,67
22,82,66,1,66
19,77,92,2,67
20,63,94,2,63
18,89,52,3,69
19,88,66,3,70
21,85,93,0,70
14,80,62,0,65
14,77,99,2,64
12,84,74,1,67
10,69,97,1,61
13,98,71,1,70
21,84,66,2,68
15,72,68,0,64
23,78,94,1,68
20,92,67,1,68
8,66,83,0,63
24,72,73,1,65
25,87,97,4,69
14,73,58,2,63
23,92,71,1,69
15,65,56,3,61
21,91,79,2,69
12,63,70,1,62
9,61,53,0,58
18,96,92,2,71
19,83,69,5,69
18,74,75,1,68
13,69,70,0,61
18,85,74,3,67
22,80,51,2,68
20,100,91,3,72
21,99,67,1,71
16,85,86,3,67
27,78,53,3,68
13,80,76,0,64
23,87,95,3,73
27,64,70,0,65
23,73,60,1,67
19,63,55,0,63
17,63,93,0,63
26,68,62,4,69
11,79,99,1,68
14,91,62,2,68
18,79,74,3,69
27,73,73,5,73
22,63,53,3,66
14,82,77,3,68
18,71,84,2,65
16,85,87,4,67
16,99,76,2,70
26,64,91,1,66
12,68,88,3,64
30,79,60,1,69
25,99,70,1,71
27,91,57,0,68
17,96,57,2,68
19,73,86,0,66
11,100,77,2,70
17,64,80,0,65
23,62,87,1,63
28,94,64,0,70
13,97,70,0,67
18,64,80,1,63
19,65,55,1,64
12,61,92,2,60
24,64,67,0,62
16,68,83,2,65
19,99,100,0,69
17,87,74,1,68
15,91,61,1,66
20,91,61,4,72
19,81,53,2,68
18,92,88,3,69
16,84,65,1,65
22,73,59,0,65
30,82,86,2,70
21,81,65,1,67
26,93,80,4,73
12,99,71,2,70
21,76,67,1,66
13,91,74,1,68
11,64,66,2,61
16,91,94,0,70
27,75,54,2,66
26,62,52,4,67
21,75,70,1,69
11,84,59,2,64
19,65,87,0,65
22,97,68,7,75
21,63,63,2,63
9,97,68,5,69
15,88,61,2,68
20,73,65,2,66
23,76,78,2,66
7,90,93,4,66
19,84,69,2,68
21,87,66,1,65
25,76,89,3,70
24,80,51,3,68
23,100,65,1,70
15,69,73,2,61
9,77,80,3,61
18,72,58,6,64
26,91,72,4,71
28,91,78,1,72
24,72,76,1,66
23,63,79,0,63
22,60,83,3,62
17,77,69,3,65
19,76,53,2,66
30,100,53,2,72
14,79,93,2,68
30,70,84,2,70
18,96,88,1,70
28,80,96,2,73
12,84,88,2,67
24,64,85,3,65
16,75,83,1,65
12,98,63,0,65
21,84,98,0,70
26,74,77,3,66
15,85,61,0,65
11,96,60,2,68
19,71,91,3,66
19,80,63,1,65
23,98,52,2,71
26,67,71,2,65
20,89,91,0,70
31,85,71,0,69
21,87,90,3,71
18,74,91,0,67
10,73,93,3,64
18,87,79,1,82
18,69,85,2,66
26,77,63,1,66
23,68,55,1,65
13,60,77,2,61
21,99,51,2,72
24,77,73,3,70
29,99,55,0,71
25,66,55,4,84
25,83,94,2,72
20,68,82,1,67
22,92,82,2,72
27,91,70,1,70
12,65,71,1,62
18,96,65,3,71
15,68,72,3,62
22,85,79,1,68
27,99,59,2,74
16,95,63,0,68
6,98,75,1,64
18,74,69,0,65
25,64,91,1,66
23,68,91,5,68
23,80,67,2,67
18,92,73,1,67
12,66,99,2,63
23,86,91,2,71
15,73,61,1,63
33,74,64,0,66
23,86,54,2,67
17,79,84,0,66
16,92,66,2,70
19,66,77,3,64
19,92,88,1,71
27,63,92,0,68
21,68,66,2,64
16,86,62,1,66
31,94,92,1,72
20,70,69,2,66
25,73,91,0,70
16,81,57,1,66
22,68,96,1,68
22,92,74,2,70
9,91,59,0,64
32,66,77,3,71
28,79,94,2,72
18,91,69,5,71
13,73,59,0,63
22,85,79,1,68
21,62,92,1,63
22,84,56,0,66
21,66,52,1,63
23,93,53,1,72
29,74,62,3,70
23,71,50,1,65
14,94,71,0,67
28,62,85,2,66
30,76,86,1,69
39,75,82,1,73
13,71,65,2,66
21,96,87,0,70
8,90,79,2,68
23,63,93,2,65
17,89,74,1,67
32,81,59,2,71
15,96,82,2,70
10,73,58,5,61
17,83,98,0,69
8,80,85,1,63
25,80,88,0,67
8,78,84,0,65
20,68,55,0,63
8,90,73,3,67
18,78,83,2,66
30,98,61,0,72
22,70,84,3,68
15,87,91,1,67
20,98,64,1,72
20,87,60,0,66
23,95,94,1,73
12,93,50,4,71
24,74,63,1,65
4,84,70,5,65
16,66,84,2,65
17,81,100,2,68
24,69,69,7,70
20,90,97,1,68
12,81,68,0,62
14,76,85,3,66
21,71,58,3,65
20,100,73,1,71
17,63,94,0,61
17,62,66,2,63
24,69,55,3,67
17,99,76,2,70
19,99,72,3,73
33,86,61,1,72
11,95,95,1,69
9,69,80,1,61
25,99,67,1,71
16,66,100,1,64
18,64,57,1,61
15,64,92,3,63
18,83,62,2,65
30,91,62,3,73
25,75,75,2,68
25,99,83,1,72
12,77,85,1,62
13,66,51,3,63
3,79,64,0,58
15,87,83,1,68
26,93,94,1,74
23,78,83,1,68
19,84,63,1,67
20,71,75,0,65
16,86,82,0,63
21,99,57,2,71
25,62,77,0,62
10,95,74,2,66
22,82,67,1,65
26,70,81,0,66
18,98,82,3,71
24,79,99,2,68
37,73,71,0,72
19,67,77,1,66
22,70,58,4,66
16,93,77,2,67
21,85,52,5,71
23,97,57,2,72
21,69,59,3,64
14,65,82,1,60
21,60,78,2,64
29,80,90,2,70
23,100,73,3,72
26,88,74,0,68
19,72,58,0,62
24,95,87,0,68
22,91,50,2,72
14,61,71,0,60
22,93,59,3,72
14,72,89,2,65
16,66,84,3,63
21,69,85,2,66
22,79,57,1,65
13,77,83,1,65
26,72,85,2,67
23,67,50,4,65
16,90,66,0,67
11,100,54,1,66
19,91,84,2,71
17,72,61,1,64
21,70,63,0,61
18,69,54,1,65
8,65,74,1,61
18,82,52,1,64
18,84,92,0,69
24,88,51,4,71
16,87,53,3,70
30,72,82,1,70
9,73,96,0,62
28,87,95,2,73
19,74,54,0,66
25,69,64,1,66
20,75,76,3,66
27,71,51,3,66
18,64,76,2,65
13,93,72,2,67
29,94,79,6,76
19,69,96,0,66
21,63,64,1,63
27,90,82,0,71
14,68,71,1,63
24,76,72,1,67
16,63,82,0,63
19,69,98,0,66
20,92,93,3,72
11,92,82,4,70
15,68,73,0,62
28,73,71,0,69
25,65,89,2,66
20,63,61,2,64
21,100,79,2,70
18,86,75,0,67
28,82,82,1,71
19,91,59,1,69
21,94,85,1,70
27,92,81,0,70
15,61,59,1,61
29,67,72,0,65
11,86,84,0,67
30,75,95,1,70
18,99,56,2,67
19,87,50,3,68
9,98,58,2,69
17,68,99,1,65
14,95,88,2,68
16,73,81,1,67
19,100,57,1,70
26,66,71,2,68
21,81,86,1,69
22,92,95,0,70
13,77,69,2,67
15,79,100,4,70
31,99,57,1,74
16,77,69,1,63
30,84,94,1,72
19,62,82,0,62
20,94,91,1,71
26,86,95,0,68
28,76,75,3,72
19,61,62,1,64
18,84,85,0,64
20,61,78,0,63
22,60,89,2,66
25,85,76,2,71
20,68,91,4,70
24,68,95,3,67
30,86,87,0,73
22,62,87,2,64
22,73,79,4,65
11,66,74,3,62
4,83,99,1,64
22,86,82,1,67
19,89,92,5,74
17,70,75,1,63
21,64,78,1,64
20,63,83,4,64
27,77,86,1,70
21,98,72,3,71
16,69,68,0,63
26,70,62,0,66
19,64,71,1,65
23,84,61,2,70
17,87,71,2,65
16,86,94,0,68
21,94,99,1,72
20,79,79,0,67
23,65,57,1,65
18,72,71,2,66
9,86,80,1,67
17,85,69,1,65
25,81,60,2,68
18,87,61,2,68
19,85,74,1,69
26,95,61,2,71
16,83,62,0,64
11,91,94,1,65
19,70,89,1,64
17,87,53,3,67
14,96,66,3,70
19,75,77,1,66
23,91,53,3,70
20,89,84,1,70
22,62,69,1,64
31,83,70,3,71
18,65,63,1,63
22,99,67,1,72
17,92,93,4,72
15,64,89,0,61
16,65,97,2,63
17,84,85,0,67
22,74,79,3,67
34,61,63,2,65
16,82,83,0,64
18,76,95,2,69
20,64,53,4,65
22,92,72,1,71
22,97,57,0,70
28,90,91,0,98
5,93,81,1,65
6,69,94,1,63
17,71,53,0,61
27,68,95,1,67
11,91,53,0,64
2,98,64,1,65
23,89,58,2,73
21,95,57,1,69
13,86,59,3,67
14,76,74,0,63
14,77,89,0,67
21,63,95,2,66
16,61,78,2,64
23,88,58,2,68
3,78,54,2,61
15,82,75,1,66
13,82,88,0,65
18,71,81,0,65
17,79,79,3,67
25,79,52,1,68
9,76,71,1,63
20,93,78,1,70
23,78,80,0,68
31,84,50,2,69
17,96,60,0,67
22,95,97,0,69
9,96,75,1,65
6,71,85,1,61
25,61,65,3,65
20,70,79,4,67
27,71,68,1,66
12,96,65,2,69
23,86,71,3,71
31,63,73,1,68
23,65,67,3,65
22,66,63,1,64
20,85,81,1,68
11,89,69,1,64
28,94,60,1,71
16,98,88,1,70
23,68,86,0,68
11,72,94,2,63
13,70,78,0,61
29,74,64,2,66
18,97,93,5,75
29,83,64,2,71
20,90,83,1,69
9,80,60,2,62
25,61,81,0,65
16,63,92,0,61
24,82,77,3,69
20,89,74,1,66
11,69,100,1,64
21,89,51,1,69
33,92,67,6,78
23,76,96,2,68
20,90,82,2,70
26,76,77,1,68
21,87,82,0,68
21,91,66,1,69
13,100,54,0,68
21,74,64,3,80
26,76,67,1,67
15,67,74,1,64
29,68,70,0,64
19,88,76,1,68
15,97,60,4,67
26,76,59,0,65
18,67,68,0,66
25,71,74,4,67
18,78,67,0,64
20,72,79,1,66
23,69,66,1,63
22,89,59,5,71
8,60,93,0,62
13,82,60,1,64
26,92,98,2,72
19,71,99,0,65
17,84,85,1,67
12,87,75,1,65
14,86,90,0,63
8,78,94,1,65
19,74,85,1,67
16,93,55,0,67
14,90,50,0,65
20,73,60,1,64
22,64,59,0,64
33,63,59,1,69
11,64,75,1,60
27,83,76,1,70
26,62,86,2,66
15,73,60,3,66
21,90,55,2,68
17,72,83,3,62
21,91,74,0,70
29,90,83,0,72
24,70,69,1,64
23,89,88,1,71
17,90,84,1,67
11,76,83,3,64
19,68,51,1,64
27,81,93,0,72
11,97,69,3,66
14,86,57,3,68
21,67,88,1,95
14,87,74,0,64
15,77,52,1,64
17,84,89,2,68
12,89,72,1,67
14,81,88,1,67
24,93,88,1,71
12,89,55,1,63
10,85,81,3,66
16,66,68,2,65
24,93,77,0,68
19,97,54,0,68
17,65,79,0,62
20,80,89,0,67
10,70,99,1,65
23,90,66,2,71
22,89,58,4,71
18,66,68,1,61
26,95,51,1,70
13,67,70,0,60
27,92,96,0,70
21,78,60,1,67
18,73,74,3,66
20,66,79,2,63
19,67,59,3,65
27,86,67,5,75
14,82,96,2,66
15,65,65,1,61
26,65,82,1,65
16,63,57,2,61
25,90,83,2,73
30,88,64,1,73
18,62,62,1,63
24,82,56,1,67
13,63,52,2,62
25,96,98,1,71
21,96,71,2,70
23,88,89,0,70
16,97,96,4,69
10,92,60,3,66
23,93,93,1,72
8,83,85,1,63
18,72,79,1,65
26,69,90,3,71
21,73,56,5,66
32,85,63,2,69
26,67,57,0,62
16,70,95,1,66
20,79,55,3,66
20,69,99,1,64
11,84,55,0,63
14,97,83,0,68
17,90,83,5,68
8,87,97,2,67
20,83,66,1,67
19,80,67,2,68
10,67,92,1,65
22,96,99,4,74
24,70,52,1,85
21,64,82,2,64
18,90,62,3,67
24,67,86,2,68
24,75,89,0,67
22,61,88,1,65
15,65,72,2,63
22,67,58,1,64
27,62,79,0,62
16,86,89,1,68
33,93,96,0,75
17,75,73,0,63
20,95,62,2,68
16,69,56,2,63
21,73,90,0,68
10,66,77,0,62
17,85,84,3,67
13,77,58,2,66
21,85,50,1,65
26,90,98,0,69
24,82,91,2,70
6,85,70,0,64
32,97,73,0,75
22,72,96,1,66
15,74,60,2,62
21,89,90,4,70
21,84,51,0,68
16,67,94,1,66
21,75,79,0,65
16,79,74,3,68
18,77,85,2,68
16,67,53,2,62
11,97,60,2,66
21,90,70,2,68
24,79,81,0,69
23,87,57,2,67
25,96,69,3,74
22,65,63,2,61
17,70,82,2,64
25,82,96,1,69
12,92,58,2,66
15,61,59,0,61
14,99,80,3,71
26,78,73,2,71
26,74,86,2,69
23,72,64,1,66
26,67,77,2,64
15,92,69,1,68
22,98,64,0,71
19,77,86,0,66
25,98,90,1,94
19,93,66,1,68
18,79,81,1,66
23,87,59,4,70
25,77,90,1,68
16,82,64,1,65
20,62,59,3,64
14,88,97,0,69
5,62,71,1,59
21,93,82,2,70
24,93,90,0,72
22,69,84,0,64
8,73,78,0,63
18,79,69,2,67
7,84,96,1,62
28,71,57,1,69
13,84,94,3,66
28,72,85,4,66
26,62,79,1,63
15,60,66,2,62
13,64,57,1,58
22,92,72,0,67
15,98,89,2,68
21,77,87,1,67
17,81,82,3,67
9,66,100,3,62
7,82,99,2,66
21,66,70,1,65
17,84,60,0,67
17,97,73,1,69
24,68,92,1,67
27,91,73,0,69
18,61,67,2,62
18,75,87,3,67
23,64,83,0,63
12,74,98,2,65
21,67,77,3,66
23,75,98,3,71
24,77,65,1,70
8,72,93,4,68
15,86,68,0,67
15,97,90,2,71
21,76,96,1,65
23,68,81,1,64
29,71,86,1,69
17,94,98,1,68
17,83,69,4,67
27,78,76,1,71
22,66,95,1,64
28,78,84,2,69
22,71,94,1,68
13,98,81,1,69
12,95,87,0,67
11,63,51,0,58
24,81,67,0,66
27,69,89,2,69
31,76,70,3,70
25,95,68,1,70
27,81,98,0,70
17,73,78,0,66
13,68,60,1,61
25,92,74,3,71
23,85,76,2,69
21,79,99,2,69
22,69,86,0,65
22,73,76,3,69
28,98,72,1,74
28,81,96,2,71
23,76,82,0,68
25,81,68,0,69
23,91,73,3,68
17,74,64,2,63
25,67,98,0,68
12,83,85,2,67
26,87,70,3,71
13,89,59,0,66
22,95,59,2,69
15,75,74,3,68
23,63,73,1,63
20,98,71,0,69
10,77,93,3,66
23,85,99,1,71
17,87,68,2,68
25,82,65,0,69
20,68,89,0,65
22,90,72,0,68
14,92,61,0,67
16,82,59,1,65
17,80,64,1,65
25,65,50,2,64
30,63,97,1,69
15,74,72,2,64
26,72,54,2,66
7,98,58,2,65
13,91,66,2,69
14,86,78,3,66
12,81,85,0,64
10,67,65,1,61
22,99,98,1,72
19,75,88,1,67
22,64,91,0,63
24,80,66,1,69
22,95,69,3,70
24,95,77,1,71
20,60,73,0,60
13,95,63,3,70
26,71,100,1,69
16,62,92,0,63
14,94,62,2,69
19,95,95,0,71
15,84,79,1,68
17,83,51,0,64
22,93,67,0,68
22,91,51,2,69
15,96,54,0,65
17,82,59,3,68
26,99,74,1,74
23,100,69,0,72
32,65,57,1,67
27,94,70,1,73
27,80,65,1,68
12,76,71,0,61
25,85,59,3,70
20,62,80,1,62
17,80,52,2,67
21,95,69,0,69
26,69,95,0,93
23,77,71,3,68
15,98,72,1,69
24,77,53,2,68
16,74,80,0,64
21,78,97,0,69
18,81,65,2,66
19,85,70,4,68
25,92,79,3,72
14,78,55,2,63
32,93,98,0,73
9,81,73,1,65
16,74,56,1,65
22,86,67,0,68
24,89,69,3,70
19,82,67,0,65
20,62,85,2,66
22,67,67,1,66
19,71,66,2,65
28,71,66,2,69
25,87,89,1,69
25,61,65,2,64
14,90,51,1,66
20,71,68,1,63
18,72,64,4,68
14,81,95,2,68
22,69,74,1,65
17,95,62,1,69
24,63,99,2,66
14,78,62,1,63
30,94,88,2,72
15,85,82,2,67
21,72,73,1,67
25,77,70,0,68
17,88,94,2,71
25,99,74,1,73
13,96,69,2,68
29,74,68,0,69
20,100,64,0,69
16,60,70,3,63
18,61,56,3,62
25,93,53,0,70
16,68,77,1,66
16,62,73,3,62
19,69,59,2,64
13,77,55,2,63
31,89,57,1,71
17,85,66,1,67
25,70,73,2,67
21,80,60,1,67
14,97,88,2,71
20,93,60,0,69
25,73,56,2,93
19,99,100,1,72
27,88,72,1,71
26,62,59,1,63
26,61,95,0,65
17,67,62,0,61
14,89,96,2,66
16,67,56,1,61
21,80,92,1,67
23,64,59,3,64
7,97,97,3,69
20,74,79,1,64
21,96,59,2,70
18,98,92,2,73
28,60,70,0,63
23,79,87,2,68
28,61,82,0,64
19,96,86,3,69
26,81,67,3,69
30,63,97,2,67
28,64,78,3,69
13,75,54,1,62
18,98,53,0,66
18,88,87,2,68
23,95,92,1,71
24,75,85,1,66
15,62,64,2,62
20,99,61,1,68
8,61,78,0,59
29,98,60,0,70
17,75,69,1,66
20,60,81,3,65
18,88,64,0,66
27,99,69,2,73
3,99,68,2,65
20,66,73,0,65
19,67,84,0,64
17,83,89,0,69
30,85,83,2,74
15,90,51,2,68
25,67,95,0,65
22,98,79,2,72
28,86,96,2,71
16,94,98,0,69
16,82,73,3,67
27,77,96,0,71
23,99,68,1,68
11,83,63,3,63
17,95,54,2,69
22,98,73,1,68
25,87,84,2,73
16,82,99,3,69
3,60,76,0,58
23,62,87,1,65
13,68,95,2,63
8,67,77,1,59
3,70,58,0,58
25,72,92,1,66
21,74,79,0,67
19,77,88,3,67
28,64,83,2,67
24,62,53,0,65
30,87,58,1,71
12,81,64,2,66
20,78,64,2,68
10,85,92,0,65
19,93,80,1,71
19,77,54,2,64
24,86,69,1,72
20,98,78,4,69
24,94,63,1,70
24,77,52,0,66
33,86,69,0,70
18,67,73,0,62
14,82,95,1,66
21,99,95,2,70
15,81,75,1,63
29,97,74,1,73
18,76,82,2,70
17,100,63,1,71
17,83,64,1,65
24,62,50,1,64
19,83,54,1,66
16,71,59,1,82
30,61,82,2,68
15,93,61,1,67
20,71,56,5,68
24,92,81,2,69
10,72,83,0,63
23,68,53,3,66
14,99,89,0,68
25,74,80,4,71
14,84,70,2,69
24,84,99,1,70
27,82,51,3,70
25,97,77,1,73
22,87,58,0,68
19,76,66,1,65
17,94,57,4,72
29,67,83,2,67
16,82,70,4,68
14,98,99,0,69
24,85,83,1,70
15,93,96,1,69
14,86,62,1,68
11,94,66,2,65
17,98,68,1,70
20,71,92,1,65
21,67,61,0,61
26,79,97,1,69
23,88,52,0,67
19,69,94,1,65
19,60,73,3,63
23,74,76,0,67
28,99,100,6,76
21,88,94,0,70
17,76,95,1,67
14,68,79,2,66
11,74,98,1,65
24,67,84,0,65
23,64,91,2,63
23,96,86,3,74
19,100,89,2,72
28,67,82,1,68
17,62,86,2,62
26,73,72,1,65
20,78,85,1,69
16,68,64,2,61
24,72,82,2,67
22,68,76,1,66
22,91,95,1,70
20,89,84,5,72
20,85,80,3,69
34,75,66,0,68
27,96,93,2,74
24,99,53,1,70
21,67,95,1,67
26,69,83,4,68
23,81,59,2,69
20,64,95,4,66
18,77,66,3,66
20,83,58,1,68
1,81,66,1,60
21,73,98,0,69
17,82,88,1,66
30,98,96,1,77
20,68,65,1,63
13,86,54,3,66
20,62,78,1,64
14,63,74,1,63
23,82,86,0,68
22,64,77,1,65
26,61,70,1,65
15,67,50,0,64
20,83,73,0,68
12,88,56,0,62
24,68,96,1,67
23,87,96,1,73
23,67,90,2,69
20,85,58,0,65
22,76,57,1,66
30,86,78,4,73
18,100,86,1,72
21,98,95,3,72
13,60,95,1,61
15,95,58,2,69
21,63,100,1,66
27,98,58,1,74
18,71,92,1,64
19,75,79,1,66
18,64,84,2,64
17,64,80,3,66
22,89,93,2,72
11,98,82,1,71
28,84,92,1,70
16,89,58,2,67
24,90,93,1,71
12,71,100,2,63
24,62,83,1,64
24,60,99,2,64
22,74,61,1,65
14,70,91,2,65
21,62,58,2,62
13,67,76,2,65
18,65,83,1,64
26,97,83,2,74
25,66,84,2,67
20,82,66,0,66
14,84,99,3,70
24,82,50,0,68
20,64,81,0,64
6,73,93,0,58
25,62,95,1,65
20,76,86,2,68
27,68,79,2,64
13,82,73,4,66
1,88,72,3,92
22,81,71,2,69
22,77,85,2,68
10,75,87,2,63
14,94,76,0,64
37,69,87,1,68
18,89,76,0,67
24,90,55,1,68
16,77,93,1,66
7,72,94,4,66
19,79,63,4,68
18,64,89,1,64
18,62,76,2,63
19,64,56,0,62
22,67,70,2,66
19,80,54,0,65
12,94,89,1,66
23,69,60,2,66
8,97,58,2,69
8,98,60,1,67
24,98,61,6,75
23,94,84,0,73
20,75,82,0,66
12,63,56,4,61
16,83,86,5,68
18,82,67,1,67
10,94,73,1,66
16,100,56,1,69
24,80,85,3,69
29,74,69,1,67
17,67,82,0,65
25,60,71,2,63
9,80,52,1,63
24,82,85,1,66
15,93,78,0,66
22,80,72,2,69
19,97,60,3,72
28,85,81,2,70
15,94,64,2,68
24,66,71,1,66
18,94,53,3,67
19,87,89,0,68
19,67,55,0,62
15,68,95,1,64
20,97,93,1,71
20,61,99,0,65
21,79,95,0,69
21,73,99,1,65
25,87,94,0,71
26,94,56,1,69
14,74,72,2,65
25,77,54,2,66
13,99,77,0,68
24,91,76,0,72
24,96,96,1,74
9,78,98,3,64
21,69,63,0,64
17,76,79,1,63
15,89,73,2,66
28,64,77,1,67
16,71,77,4,64
15,62,96,0,62
20,77,95,0,66
24,93,56,4,71
19,61,67,1,63
27,87,88,1,72
23,97,84,1,71
7,69,82,1,61
17,88,100,1,71
17,99,67,2,69
23,98,76,3,74
4,69,99,0,61
35,64,85,2,68
23,66,82,1,67
21,88,58,3,70
27,89,62,0,69
34,87,69,3,72
25,73,73,1,66
26,67,75,2,67
21,83,95,4,70
19,79,55,3,68
17,89,62,2,68
15,78,57,2,65
16,74,87,0,63
12,72,99,0,62
20,68,95,0,66
10,71,86,1,62
21,64,51,0,61
20,74,67,0,63
21,61,93,3,65
17,67,83,3,64
38,90,60,2,74
28,73,73,2,70
13,87,54,2,63
21,89,76,3,68
16,83,95,2,69
14,98,52,1,70
12,61,81,2,62
23,90,62,3,71
16,98,100,2,69
26,94,53,0,69
26,67,81,4,68
28,73,63,0,65
15,67,94,1,65
23,84,56,1,65
24,88,71,2,72
17,73,59,2,63
15,82,90,2,68
30,88,68,1,72
21,77,59,3,66
24,94,86,2,71
15,91,91,0,67
13,63,73,2,61
17,85,69,4,70
19,69,82,2,64
14,82,83,0,64
20,98,83,0,68
10,95,64,4,70
13,76,97,4,65
24,72,61,3,67
24,69,69,0,65
18,81,64,1,65
14,65,97,3,65
14,82,91,1,66
18,60,91,2,62
24,73,50,1,63
26,69,84,0,63
17,99,62,3,70
13,89,98,0,67
22,74,77,0,66
15,64,78,2,63
17,81,68,1,66
28,69,77,3,67
25,81,87,1,68
21,93,78,1,67
12,85,82,1,66
21,85,74,2,71
26,82,86,0,69
18,97,95,1,72
28,97,53,0,70
28,81,55,2,68
30,72,84,1,68
22,78,69,2,67
24,67,64,1,62
28,85,59,1,67
23,80,79,1,69
17,64,67,3,64
17,68,75,2,66
21,79,98,2,69
12,96,88,0,70
19,83,90,3,69
27,87,56,3,72
7,74,66,1,61
29,83,55,2,68
27,78,98,1,68
17,86,84,0,66
23,62,51,5,65
20,80,74,2,66
27,72,63,1,67
26,73,77,0,68
12,98,59,1,67
24,67,53,0,63
19,72,66,0,64
20,80,65,1,66
16,95,86,0,69
30,77,74,3,70
26,90,65,3,72
16,94,79,2,71
12,72,54,3,63
18,76,83,1,68
23,74,57,1,67
21,93,64,2,69
28,62,64,1,65
25,72,73,4,69
26,87,98,0,71
22,83,66,2,67
12,77,64,2,64
19,82,58,2,68
26,68,70,1,67
20,77,59,1,62
23,80,57,2,68
18,96,93,0,72
14,70,53,0,61
19,95,86,0,67
22,86,60,0,70
16,61,51,1,59
19,89,90,0,70
14,61,85,1,60
27,100,67,1,74
18,95,54,0,68
29,72,68,0,67
29,70,59,2,67
20,75,97,0,66
14,74,76,1,63
7,75,98,1,62
11,73,68,3,64
12,85,78,3,68
28,67,60,0,65
21,94,90,1,71
22,92,52,1,68
7,79,85,0,62
13,94,70,1,68
25,70,79,3,68
22,61,80,3,67
19,85,86,0,67
23,78,60,2,70
30,83,77,0,69
19,96,71,2,70
20,99,64,1,69
21,85,75,1,70
34,91,98,0,72
7,63,97,1,59
24,66,64,0,64
19,89,94,0,72
23,77,94,0,70
16,78,62,0,63
20,72,80,1,66
24,84,93,3,72
39,67,76,2,71
25,85,68,1,71
15,67,83,3,62
17,63,59,1,62
17,73,58,4,64
9,69,92,2,65
18,96,52,1,68
24,62,90,0,67
12,67,65,1,61
26,82,74,2,68
23,79,77,1,68
16,62,88,1,62
19,60,94,1,62
30,100,90,0,74
24,86,79,0,68
20,75,67,1,66
19,79,76,1,67
20,71,52,1,65
17,74,62,2,66
7,86,68,5,67
32,95,66,5,76
21,67,55,2,66
22,94,53,1,68
20,65,71,2,63
16,69,54,4,65
19,61,64,3,63
10,66,74,2,59
34,97,60,2,74
13,78,54,2,62
14,63,72,3,59
17,98,72,0,71
28,95,96,1,73
20,90,56,0,68
13,97,81,3,68
28,69,66,0,66
24,93,56,1,69
23,88,70,2,70
24,95,71,1,74
34,92,68,0,75
33,74,88,2,71
16,91,92,2,71
30,70,57,1,65
22,73,58,1,65
23,64,71,2,65
10,97,66,2,67
19,72,91,1,67
15,81,100,1,67
25,76,59,4,71
26,98,88,1,72
8,73,80,0,62
20,91,82,0,70
27,94,63,0,72
19,77,55,0,64
24,75,77,1,66
22,90,81,0,69
22,97,98,0,71
18,90,84,2,68
13,69,72,2,63
13,96,100,4,71
24,76,69,3,65
20,83,58,0,66
19,93,81,2,68
17,68,63,0,61
18,91,96,2,71
26,84,71,0,70
18,96,57,1,66
12,67,57,0,61
24,77,82,1,67
19,93,68,1,72
20,61,68,1,65
30,64,81,3,68
20,100,61,3,70
22,71,57,1,63
13,99,83,1,69
19,67,50,0,62
24,74,95,1,71
11,90,59,1,64
21,86,72,0,69
21,83,61,2,71
20,81,61,0,63
26,94,92,1,72
22,69,79,1,66
29,78,66,2,69
14,66,63,0,60
21,84,61,1,68
21,70,78,3,65
14,73,87,2,67
26,79,63,0,66
34,61,67,1,68
20,64,86,0,63
23,87,87,1,73
21,77,60,1,66
16,95,69,2,67
9,88,93,2,66
16,60,87,0,60
12,85,58,1,67
30,64,69,3,67
19,91,99,0,70
18,100,76,1,69
25,81,86,1,68
13,87,55,1,67
15,69,92,0,63
20,78,80,2,70
26,94,59,4,71
23,67,69,1,67
21,71,54,1,64
20,78,89,0,66
22,88,87,1,70
21,75,75,1,65
14,97,73,2,68
20,64,73,3,65
14,75,52,3,65
20,88,68,0,69
17,69,56,1,63
35,86,59,2,70
20,67,98,1,64
12,62,63,1,62
19,65,74,1,66
23,97,94,2,73
30,82,71,3,72
16,92,76,0,68
11,73,58,0,62
25,84,64,2,67
12,80,75,1,62
17,98,68,2,72
18,90,52,2,67
20,89,70,1,68
24,62,91,2,65
16,82,56,0,79
18,79,51,2,66
20,97,56,1,68
21,70,84,1,65
21,71,90,3,67
23,76,52,3,67
25,70,94,1,67
22,65,81,5,68
23,94,76,3,72
11,82,63,1,65
20,94,69,0,65
23,93,97,1,70
24,71,96,2,67
16,82,81,1,68
16,63,79,2,63
17,97,61,2,68
23,76,98,0,69
26,76,88,2,66
18,72,69,2,64
25,78,91,3,69
21,70,61,1,62
19,75,61,0,65
19,92,90,1,70
24,93,78,1,72
22,72,78,1,66
34,79,79,3,70
15,95,56,3,67
23,62,67,1,65
17,96,79,3,68
15,69,62,2,62
20,87,75,1,68
21,83,78,2,69
38,82,97,2,72
19,94,62,0,65
13,64,72,2,63
22,74,99,0,68
8,82,59,1,62
19,92,89,0,69
20,69,59,2,65
25,92,93,3,74
26,76,74,4,70
17,68,99,2,65
19,90,59,3,70
15,64,84,0,59
13,81,85,1,63
22,63,86,0,64
12,74,55,0,63
18,84,64,2,67
14,82,67,1,65
23,76,66,2,67
31,77,84,2,73
12,69,53,2,64
9,78,87,0,65
19,98,76,2,72
20,94,59,3,72
21,66,61,2,66
17,61,55,1,62
19,97,73,2,68
22,81,80,1,67
26,82,79,1,69
8,91,98,1,67
18,73,65,1,63
21,79,88,0,65
14,99,86,2,71
30,87,53,1,70
16,66,97,5,68
20,65,97,0,65
23,68,70,4,68
16,91,71,2,69
9,72,91,1,62
17,61,75,2,62
26,98,90,1,72
18,67,52,0,64
15,60,63,0,58
26,69,55,1,66
18,69,73,1,64
17,77,93,3,68
21,97,78,0,69
25,95,76,1,71
34,78,68,1,71
25,76,53,0,67
27,82,88,2,71
17,70,79,2,64
14,62,97,0,62
20,98,72,1,70
21,67,70,2,63
14,68,99,0,66
19,79,57,2,65
22,80,63,1,69
22,61,74,1,63
23,66,76,1,64
22,75,77,2,66
17,87,61,4,67
17,69,96,2,66
13,77,85,2,65
31,82,63,2,72
20,96,65,0,70
19,73,94,1,67
14,65,69,4,64
38,80,78,1,72
14,90,56,0,65
17,64,63,0,62
22,77,71,3,67
24,61,83,0,64
26,61,64,0,63
31,79,98,1,72
23,72,61,1,66
14,94,89,0,70
18,84,68,0,66
22,78,92,1,70
32,76,96,0,67
12,80,59,1,64
27,62,75,2,67
21,96,58,0,72
25,100,85,1,72
19,67,92,2,68
15,65,69,1,64
25,66,70,1,66
24,86,60,0,68
26,86,65,0,66
20,94,66,1,70
16,90,58,1,70
11,78,65,0,62
25,85,95,0,69
23,88,66,2,69
14,81,64,2,66
17,79,69,4,68
17,86,98,2,71
11,82,88,1,64
15,86,60,2,67
13,85,88,2,68
18,89,88,0,67
16,86,98,1,68
10,81,95,5,69
32,87,55,0,71
28,78,73,3,68
15,70,85,0,65
22,60,99,1,63
23,82,54,0,65
27,84,68,3,72
15,99,75,2,67
27,74,71,1,69
17,76,73,3,67
12,68,68,2,64
24,63,99,0,62
28,91,90,2,71
36,70,87,2,70
13,84,71,1,64
24,88,94,0,69
18,79,55,1,65
25,95,57,2,73
11,78,98,2,64
12,71,78,2,64
15,96,58,3,70
20,94,97,2,70
16,67,99,2,64
24,61,94,3,64
26,64,62,3,66
24,71,64,1,66
30,99,70,2,74
22,82,79,2,69
13,75,100,1,67
28,96,98,5,73
16,78,96,0,66
25,73,54,2,67
29,98,88,3,75
23,94,94,2,73
11,94,67,2,67
14,80,61,0,65
28,92,87,1,71
19,67,55,1,63
20,83,97,2,68
25,99,58,0,72
24,72,73,2,67
22,92,99,1,71
19,80,99,1,67
18,62,89,0,66
25,91,92,3,72
23,67,98,2,64
18,85,96,0,68
26,63,81,0,65
19,98,87,1,74
15,72,80,4,65
15,69,75,2,63
14,65,94,5,65
18,98,87,0,70
27,88,93,0,71
15,90,55,1,66
21,80,79,2,69
16,79,66,2,67
18,64,76,1,64
11,82,81,2,67
19,70,92,1,67
19,99,52,1,70
23,92,58,2,71
21,77,96,2,68
13,66,98,1,65
27,91,53,1,70
21,65,67,1,64
21,68,50,3,67
20,68,88,5,63
17,82,84,2,65
21,91,78,2,70
23,73,85,1,67
10,63,77,3,60
17,79,62,1,64
18,90,88,1,65
22,69,89,0,64
27,69,93,1,67
15,98,98,0,71
17,98,87,0,69
17,100,53,1,70
15,92,51,1,69
18,68,87,3,69
25,68,53,2,64
14,74,66,0,63
23,73,57,3,67
10,98,98,0,66
17,92,66,2,69
18,89,53,5,69
30,67,97,2,69
18,96,80,1,72
7,93,52,1,65
8,67,92,0,63
20,95,58,1,69
24,71,90,3,69
22,63,80,2,64
21,86,59,2,69
27,86,88,1,72
17,64,73,1,62
25,73,82,1,66
10,100,93,2,65
15,87,63,0,69
9,89,68,1,65
18,69,100,3,67
20,63,75,2,63
21,71,78,2,66
20,70,64,0,61
14,69,71,1,64
19,68,75,1,64
11,83,63,2,65
28,73,62,3,68
18,93,80,1,69
17,67,59,0,61
30,79,78,3,72
13,61,85,4,61
13,79,60,1,66
13,62,87,1,60
20,99,68,1,69
23,92,100,1,72
24,80,99,2,69
35,63,90,0,71
7,84,67,1,64
24,90,97,3,71
17,68,100,1,64
16,83,73,3,67
16,93,81,2,67
15,91,50,1,66
30,92,52,3,73
25,95,75,1,73
20,98,80,0,70
28,76,66,5,70
11,83,55,0,62
12,92,89,1,68
7,88,71,0,65
16,100,82,2,73
21,61,83,1,65
21,74,77,0,66
21,71,59,3,64
12,70,81,0,63
25,69,66,0,62
21,88,91,0,70
24,63,60,3,65
9,90,65,0,64
22,88,72,4,70
13,70,87,1,62
18,70,86,5,67
23,85,67,1,66
21,90,76,2,74
15,95,62,2,69
20,94,89,0,70
11,99,60,1,68
27,83,91,3,70
19,96,97,3,71
27,92,100,2,73
17,96,93,3,69
17,60,61,1,61
15,99,71,0,68
25,79,54,1,66
16,92,58,0,67
24,65,52,1,64
18,76,82,1,67
8,71,77,0,61
17,72,96,2,65
13,65,73,0,62
20,92,82,0,69
13,60,70,1,61
26,73,91,4,69
19,67,96,1,64
19,84,72,1,65
24,70,54,1,64
26,70,58,1,68
20,80,86,1,67
15,86,66,0,68
9,65,89,2,61
16,67,87,5,69
16,70,85,0,64
21,99,91,3,74
18,76,88,1,66
24,84,82,1,68
16,70,50,3,65
20,80,76,0,66
27,63,80,2,66
22,61,98,3,65
20,79,83,3,67
16,76,79,0,65
16,65,77,1,63
15,88,55,1,67
17,100,71,2,70
25,76,57,0,68
19,85,53,1,66
12,99,66,3,67
31,93,82,2,72
22,79,93,0,68
12,89,91,1,66
17,65,65,0,62
21,80,52,1,65
30,71,70,3,67
13,66,66,3,62
26,77,69,1,66
28,65,78,1,67
16,88,52,2,68
18,78,69,1,66
14,81,78,0,68
19,66,72,2,62
20,66,83,1,64
24,83,59,1,68
27,99,58,2,71
16,64,65,2,63
8,71,55,1,62
20,95,62,1,69
22,63,54,0,62
21,95,70,3,71
18,81,86,3,69
21,76,64,1,66
29,72,50,0,64
22,72,78,1,65
18,72,85,1,68
17,95,70,1,69
19,89,65,2,68
30,87,75,3,71
19,92,55,1,66
20,70,82,2,65
17,85,87,1,68
27,78,85,0,72
32,91,66,3,75
23,72,92,2,67
20,86,97,1,67
20,95,65,2,70
6,76,63,5,64
24,63,85,1,65
21,81,85,1,68
23,74,76,1,67
16,87,96,1,66
18,98,57,0,69
18,79,74,2,64
26,79,52,1,68
18,86,53,5,68
32,64,53,1,65
23,70,75,0,65
12,97,79,1,65
19,87,50,0,67
16,61,82,2,63
7,68,74,1,62
30,87,61,2,73
24,91,51,2,72
23,94,58,5,71
21,72,80,3,67
12,97,83,0,66
17,82,82,1,68
25,88,58,0,70
14,84,96,2,66
5,65,71,0,56
19,99,88,1,71
19,65,58,2,64
21,70,74,2,65
24,93,76,2,70
24,85,89,1,70
22,94,81,2,71
27,81,70,0,70
11,75,64,3,62
23,97,99,1,72
24,61,64,0,62
13,94,56,2,67
11,69,65,0,58
16,94,66,3,69
16,66,56,0,60
25,83,85,2,72
16,96,81,0,66
15,79,66,2,66
16,90,100,1,69
27,92,83,2,70
20,89,85,2,70
19,97,78,0,70
19,78,78,2,67
28,67,51,2,67
16,62,89,0,59
28,70,96,1,67
21,66,56,1,65
19,82,90,1,68
35,67,77,1,71
14,62,64,2,61
18,61,96,0,63
13,93,51,1,67
26,84,64,1,69
30,74,94,0,70
30,96,74,0,69
27,63,80,1,66
19,99,87,1,70
18,85,57,2,67
10,67,61,0,61
32,87,100,2,74
23,91,62,1,70
17,77,77,0,66
28,94,65,1,73
14,66,93,1,62
22,71,98,2,65
19,64,57,0,62
24,68,80,1,64
20,70,91,1,63
11,97,91,1,69
20,63,72,3,63
26,77,61,1,67
20,81,69,1,65
25,96,88,0,71
14,100,100,3,71
20,90,78,0,69
16,99,60,2,71
24,91,52,1,68
20,99,97,2,70
24,88,74,0,71
27,63,86,1,68
24,76,83,1,69
22,86,95,4,71
14,74,63,2,63
20,71,72,4,66
17,83,96,1,67
18,97,79,3,71
18,61,54,0,59
14,91,60,0,67
8,89,62,2,66
16,99,100,1,72
21,97,61,0,70
12,90,93,3,68
20,81,54,0,63
31,68,59,3,69
26,82,94,0,67
30,91,95,1,75
22,96,59,0,67
27,92,61,0,74
16,68,77,1,66
16,84,53,2,65
4,73,97,1,60
27,60,68,1,63
29,68,74,3,69
17,65,55,1,64
18,94,52,1,68
15,70,73,2,63
22,71,56,0,65
27,98,82,0,74
10,75,90,2,65
22,60,52,0,61
18,71,81,1,66
21,65,91,1,67
23,64,72,0,66
19,63,98,4,69
19,84,56,2,65
19,68,66,2,65
26,74,62,0,66
23,94,100,2,73
21,77,65,2,64
12,97,69,0,67
18,80,92,0,67
25,76,96,3,68
20,90,97,2,71
24,63,78,0,64
31,64,83,1,67
26,86,67,2,68
21,79,80,1,67
17,92,65,3,70
5,97,87,2,64
19,76,65,0,63
18,84,94,3,71
22,80,57,1,64
19,99,79,3,70
18,93,76,3,70
9,96,63,1,67
14,70,51,1,62
23,91,57,2,69
30,71,98,2,69
19,68,97,0,62
22,98,56,1,70
26,61,69,2,66
15,99,73,1,69
22,66,74,3,65
16,93,65,0,66
25,71,96,2,69
21,74,95,1,66
22,69,51,1,65
15,83,83,1,66
24,74,54,1,63
33,86,80,0,72
14,61,93,3,62
18,63,82,1,64
21,64,73,2,61
25,77,98,0,70
17,93,87,1,67
3,96,62,3,66
28,70,69,2,66
25,83,88,1,68
10,91,51,0,67
16,72,53,1,65
29,76,93,0,70
29,81,52,1,69
26,65,84,1,68
19,61,66,0,61
20,66,91,0,65
19,85,92,3,71
27,63,98,0,66
15,68,55,0,62
15,74,71,0,61
26,63,79,1,67
20,68,96,0,66
28,96,63,1,71
16,61,54,0,62
20,86,60,1,67
14,75,75,0,64
20,87,84,2,68
11,84,85,3,67
17,69,54,1,63
11,94,88,2,70
24,80,83,1,67
24,93,70,1,71
10,76,79,3,62
28,99,88,3,75
35,91,63,1,72
20,99,97,4,73
16,81,57,3,64
37,79,95,1,73
12,90,87,2,66
20,95,83,1,69
21,99,54,1,70
28,73,96,1,70
22,92,65,0,71
17,68,87,0,64
14,82,94,7,71
18,67,62,1,63
14,74,96,2,68
20,97,81,3,71
17,66,83,4,65
11,85,96,1,66
28,84,76,0,72
17,65,72,1,65
12,73,82,1,60
19,83,78,2,67
20,67,53,1,65
10,92,59,0,64
22,99,51,2,72
14,69,55,3,62
30,67,86,0,67
23,78,50,1,67
18,90,65,4,69
16,71,72,1,65
19,61,97,0,62
24,82,66,0,69
20,98,89,1,72
19,76,70,1,63
20,77,55,1,64
16,99,55,1,67
18,88,72,2,70
7,89,53,3,64
26,83,79,1,69
22,99,75,2,72
15,88,85,4,69
31,96,59,3,75
21,88,80,1,67
14,89,59,1,67
25,72,86,0,66
22,72,65,0,64
22,91,81,2,68
17,72,94,1,66
23,83,74,3,69
18,70,60,1,65
23,93,94,2,70
9,64,68,0,57
17,93,87,2,69
30,84,66,0,70
15,67,65,4,63
16,82,82,1,66
17,71,58,3,64
13,73,93,0,65
7,74,69,1,64
19,63,51,2,62
21,99,65,1,71
20,61,89,1,64
19,86,93,1,72
20,75,78,0,64
26,86,65,2,71
19,74,76,5,68
17,87,92,3,68
18,89,66,2,68
23,88,69,3,69
28,65,77,1,67
16,86,94,0,66
21,71,79,1,65
22,61,60,0,63
14,77,54,1,62
20,77,55,1,67
11,79,98,2,65
9,88,91,1,66
22,72,88,2,66
18,73,75,0,64
21,62,84,5,67
20,87,56,2,67
14,83,81,1,61
20,74,91,1,66
13,88,53,2,66
28,81,65,1,67
12,79,56,1,64
19,80,63,1,64
14,85,89,2,67
23,86,67,2,68
18,72,84,2,64
17,66,89,0,63
25,66,91,2,68
20,86,94,2,64
23,95,80,2,70
14,76,64,3,64
12,67,58,0,59
21,90,75,4,71
18,93,55,3,67
24,95,96,3,73
20,84,72,3,66
21,94,94,2,73
10,61,85,1,62
31,64,93,1,69
19,64,94,3,66
24,89,53,1,68
15,63,86,4,65
22,80,61,1,67
12,79,99,2,64
23,72,89,0,67
18,95,50,3,66
20,67,96,1,68
24,74,65,3,68
13,91,71,1,64
16,61,81,2,63
23,87,96,2,72
33,93,96,1,75
19,97,78,2,71
24,95,66,2,71
19,73,64,4,66
32,83,68,3,71
10,63,59,0,61
21,70,83,1,65
10,64,76,1,58
5,73,89,1,62
22,95,55,2,69
21,74,70,1,65
18,82,62,3,69
19,77,77,1,68
39,78,73,0,70
18,99,72,4,72
23,72,66,3,66
16,85,86,2,68
22,77,74,2,67
19,62,60,1,61
18,80,77,1,64
31,93,80,3,74
27,64,51,1,64
21,63,60,2,64
6,66,62,2,61
18,91,62,3,71
36,89,62,2,72
19,83,64,0,68
27,79,63,2,69
29,96,94,2,74
21,91,66,3,70
15,92,67,1,69
5,93,63,2,64
24,86,98,2,71
15,78,77,0,65
21,95,81,0,71
13,97,87,1,71
18,61,67,5,66
20,62,98,1,64
22,98,58,0,70
13,71,73,1,61
27,95,57,1,71
16,76,90,0,65
10,65,55,0,59
19,63,78,3,63
20,66,55,1,64
21,70,73,0,63
28,80,64,1,70
19,88,95,1,70
19,99,53,1,72
13,78,82,0,65
25,81,85,3,71
21,81,94,3,70
17,82,94,1,66
9,81,99,2,64
29,60,63,0,64
13,60,64,1,59
16,64,70,5,65
22,64,77,1,66
13,88,68,1,67
11,68,87,1,62
7,96,50,1,65
24,97,51,3,73
17,99,86,1,70
38,98,94,2,75
14,71,89,0,66
14,80,56,1,65
17,67,97,1,64
21,92,76,2,70
17,96,87,0,71
24,94,60,0,68
14,77,77,1,64
12,90,67,2,67
9,64,99,6,65
7,62,74,3,62
17,90,88,1,68
18,77,80,1,66
16,100,55,1,69
27,64,77,3,68
27,94,77,0,71
18,79,86,3,68
9,93,66,0,64
17,93,93,0,66
16,97,81,0,70
16,72,52,1,60
16,98,85,0,69
16,66,95,1,65
18,63,84,1,66
16,77,69,1,64
21,93,80,0,71
22,79,59,0,66
15,93,80,0,66
28,89,75,1,68
14,68,51,1,63
10,98,66,1,66
22,62,60,0,61
15,96,70,4,70
22,72,62,5,68
6,80,92,5,65
28,77,85,0,69
24,67,87,0,67
11,74,68,0,62
11,68,50,2,61
30,68,61,1,70
16,67,88,0,65
15,80,80,1,65
6,92,77,1,66
18,83,64,1,66
19,96,54,1,69
24,85,89,1,70
12,88,52,1,63
11,87,53,1,64
23,78,65,1,65
26,88,79,1,71
11,63,100,0,61
26,94,55,2,69
20,91,74,1,69
27,70,80,1,66
20,91,91,3,72
5,61,84,1,60
19,69,90,0,62
26,63,76,3,66
15,91,72,1,69
18,90,81,2,69
19,93,95,3,71
3,60,78,1,57
30,80,80,0,72
15,88,67,1,66
23,66,80,1,66
19,86,81,3,70
28,63,88,2,67
22,67,79,1,65
19,79,60,1,63
15,86,79,3,68
25,66,65,0,63
9,67,54,3,63
24,68,91,1,68
13,70,53,2,60
28,69,82,0,67
21,76,99,0,65
24,86,54,0,68
20,78,61,0,62
9,91,88,2,65
15,89,55,1,66
24,65,92,3,67
21,62,50,1,60
27,95,94,2,74
22,63,53,1,62
14,66,96,0,61
15,61,93,0,63
21,85,77,2,66
6,83,89,1,65
30,99,54,0,72
23,95,57,1,70
27,76,68,1,71
11,75,77,1,64
27,72,93,1,70
33,66,77,2,68
12,66,83,1,61
25,65,84,1,68
20,65,94,1,64
11,70,89,2,64
23,72,99,2,71
25,98,51,0,72
16,83,60,0,66
27,100,97,4,74
10,75,90,3,65
11,78,63,1,64
21,73,99,1,69
20,67,93,1,62
16,66,53,2,62
25,98,91,2,72
23,99,89,1,73
25,62,61,1,64
19,66,83,2,65
24,77,99,1,70
17,67,84,1,66
32,75,91,1,70
15,65,55,2,63
33,78,86,1,69
20,71,60,0,64
12,74,54,2,63
28,64,78,2,66
21,77,88,2,68
25,99,77,0,97
27,73,97,2,67
22,95,85,0,71
16,94,56,2,66
26,98,97,2,72
20,92,58,2,70
24,86,88,1,69
7,94,57,2,66
23,63,100,2,69
16,79,67,2,65
30,100,75,0,75
24,91,73,2,70
21,98,55,1,70
23,91,75,2,69
14,95,57,2,68
30,88,90,4,73
32,90,98,0,74
22,81,90,0,66
30,97,72,1,74
17,93,50,3,67
15,94,52,1,67
20,87,75,3,70
23,72,84,1,67
18,61,91,3,80
23,97,80,1,70
22,83,99,4,71
14,72,75,4,64
23,66,80,1,68
25,93,62,0,68
21,93,67,1,69
27,93,84,1,72
13,86,80,0,65
23,75,68,1,64
13,72,56,1,64
13,60,67,1,58
16,93,52,2,69
14,63,79,1,61
17,85,66,0,68
19,80,69,1,66
25,81,79,1,68
18,97,79,2,70
10,61,79,4,62
27,91,75,2,71
15,62,74,0,61
20,62,91,1,64
23,77,73,1,65
21,63,77,3,63
27,92,99,4,74
23,81,59,2,68
15,61,86,2,65
33,62,74,2,66
21,85,92,1,69
19,92,70,2,69
26,78,65,3,70
21,82,60,3,70
22,92,94,1,71
35,84,86,1,72
18,69,54,1,61
18,85,86,1,68
21,85,52,3,66
26,89,59,1,70
11,85,80,0,63
8,99,73,1,68
16,68,92,1,62
10,98,80,3,69
17,82,98,3,69
23,87,93,1,72
15,64,67,2,64
11,75,92,2,63
20,91,93,1,70
25,88,98,1,69
10,62,51,1,61
25,82,94,2,70
25,64,53,1,64
26,100,76,0,76
27,96,71,2,73
33,61,96,2,67
18,94,70,2,69
21,97,80,2,72
18,74,85,4,66
20,89,51,3,70
29,78,80,2,73
12,86,76,2,68
15,74,80,2,66
28,73,54,4,67
26,77,53,3,67
18,66,59,0,62
25,93,93,2,72
22,74,68,0,65
29,76,72,1,69
20,96,70,2,69
26,80,86,0,69
36,82,63,0,69
24,98,53,1,69
20,95,69,0,70
24,67,86,6,67
18,79,96,3,69
34,99,53,0,75
21,75,91,2,66
18,75,53,0,63
15,68,67,3,64
27,65,51,2,66
25,90,96,1,72
17,91,85,3,71
23,99,68,0,70
11,91,69,2,67
21,70,82,0,65
23,62,54,3,65
30,99,57,0,73
15,74,92,1,66
12,72,60,0,62
15,96,86,2,71
12,83,61,3,66
28,69,54,1,65
29,96,95,0,75
22,100,95,2,74
27,63,80,1,65
21,94,73,2,71
19,76,78,1,65
18,81,70,0,65
18,97,88,0,67
11,99,88,2,67
22,70,91,2,66
20,69,76,1,67
24,63,90,2,66
21,82,58,0,65
19,61,52,1,59
15,76,82,4,69
20,63,55,2,63
24,76,78,1,65
13,62,86,2,61
21,93,70,0,68
21,68,52,3,65
16,73,94,1,61
16,95,52,0,69
21,90,95,2,72
13,69,53,2,59
22,63,87,0,63
15,89,96,3,69
26,76,95,1,67
34,91,95,1,70
15,78,94,0,67
23,74,76,1,66
16,78,78,5,68
26,90,81,1,71
12,96,95,3,69
23,62,92,0,65
15,81,89,0,66
19,61,84,2,66
14,79,81,3,67
25,95,96,1,74
15,74,60,3,66
23,97,60,1,72
18,85,99,0,69
19,97,78,0,68
21,90,74,4,71
15,64,93,0,61
21,69,92,2,65
29,76,59,4,71
15,67,59,0,59
27,80,90,1,71
29,79,89,0,72
15,98,61,1,71
11,77,92,0,61
22,91,74,1,67
17,98,73,0,67
31,95,99,1,74
20,68,76,2,66
15,80,57,1,63
13,74,64,4,63
27,76,67,1,68
17,74,98,1,65
20,93,63,0,66
26,78,72,1,67
17,81,87,0,67
20,99,64,0,70
20,62,85,5,65
24,80,60,1,68
24,91,62,3,70
19,66,99,1,66
20,84,68,0,69
18,70,86,1,65
11,95,92,2,68
22,73,67,3,65
31,73,68,1,70
15,84,89,1,65
15,67,80,3,67
15,71,68,5,64
24,77,87,2,68
23,74,93,4,70
19,81,62,1,64
14,84,51,4,67
21,83,64,2,68
11,86,84,5,67
21,72,96,4,66
25,65,93,2,66
12,90,61,2,66
11,94,94,2,67
29,70,91,2,69
16,76,87,3,65
27,80,84,4,68
19,81,90,2,67
19,86,93,1,69
23,62,91,3,64
15,89,56,2,67
21,62,86,2,67
18,79,92,1,67
12,93,59,2,67
22,78,61,2,68
18,66,89,4,65
19,99,67,3,70
13,96,70,1,68
30,91,69,2,72
25,76,61,1,67
26,67,97,2,66
18,98,90,0,68
10,81,63,1,64
32,94,55,4,75
20,74,69,1,66
16,73,71,0,67
23,99,50,1,71
27,81,94,0,68
20,66,93,2,65
28,69,93,0,67
26,79,90,0,66
14,62,87,1,60
16,79,82,2,64
26,77,98,0,69
4,91,86,3,64
19,74,82,2,66
11,99,89,3,72
17,67,62,0,60
18,84,98,3,69
18,64,51,2,62
17,89,82,3,70
13,100,54,3,65
34,93,93,2,77
31,82,98,0,71
13,79,70,4,66
29,93,93,2,74
18,97,67,1,70
21,100,58,2,69
20,76,64,2,64
16,100,65,1,69
26,66,82,1,68
21,70,90,1,63
17,64,60,1,61
12,71,54,0,61
15,91,61,0,65
10,94,65,3,65
20,91,64,0,69
13,85,61,3,69
18,81,73,1,65
28,88,93,3,72
27,76,55,3,69
20,94,93,1,71
19,87,75,2,67
31,88,83,0,72
23,81,91,0,70
18,95,65,1,68
11,70,98,3,66
22,75,54,4,68
25,91,76,1,71
16,80,63,2,63
22,96,70,2,70
18,74,72,1,65
19,75,96,2,70
5,96,72,3,65
19,79,85,0,68
26,81,98,1,69
16,73,75,3,66
20,71,70,0,62
15,86,99,2,70
22,65,91,2,65
19,95,97,0,71
14,91,70,2,68
28,68,85,0,65
26,88,62,1,70
16,84,93,0,69
23,67,97,1,66
23,71,63,1,66
24,76,55,2,67
10,88,60,1,63
26,86,82,2,70
17,81,64,0,65
18,91,82,3,70
36,90,68,1,74
22,85,96,0,69
18,91,73,0,68
7,73,75,1,64
28,95,67,2,73
12,85,54,4,66
14,93,75,0,65
18,82,89,0,66
28,69,98,0,67
25,82,54,0,67
19,75,90,0,66
22,88,63,3,69
16,79,91,4,69
21,93,67,2,68
20,87,56,1,64
26,87,81,1,70
26,69,95,1,67
23,99,59,1,68
18,94,51,0,67
24,92,94,1,73
19,73,85,1,65
14,81,90,3,69
18,65,53,1,63
21,82,95,3,68
25,66,71,0,64
19,82,95,2,68
13,86,53,2,66
20,76,94,2,65
21,80,84,4,69
21,95,78,2,69
26,64,53,2,64
26,92,84,0,74
16,67,80,1,64
16,61,86,3,63
14,67,86,0,64
24,91,72,3,71
29,76,60,2,68
18,95,96,4,72
19,81,96,1,67
29,61,61,0,64
23,89,82,2,70
23,64,60,2,65
13,92,93,2,69
24,67,55,2,65
14,74,100,1,66
13,90,81,0,67
18,98,51,1,68
16,75,94,0,65
19,93,84,0,68
11,68,85,2,63
26,92,64,1,71
27,86,67,1,71
8,68,96,2,65
26,72,82,2,65
15,65,51,1,61
25,75,66,0,68
20,68,80,4,65
20,86,57,0,66
19,100,55,2,69
27,60,53,3,65
13,82,82,1,65
24,83,66,2,70
27,97,69,1,70
24,80,53,2,67
34,82,87,3,75
17,79,88,3,65
26,71,91,2,66
19,62,83,2,67
27,76,89,0,67
20,62,79,2,62
18,82,75,0,66
28,72,63,1,66
17,81,53,0,64
12,65,65,2,60
17,97,84,3,70
24,96,96,2,72
28,68,63,0,67
21,74,83,1,67
28,85,74,1,72
12,64,81,1,63
17,74,50,0,60
18,70,56,1,65
19,97,61,2,72
21,94,95,0,70
24,83,52,1,71
17,81,78,1,66
21,97,96,2,72
20,97,83,3,73
14,99,74,2,71
19,65,69,4,64
19,66,81,1,66
19,87,74,1,69
20,82,85,1,66
20,61,81,0,63
17,62,78,0,62
28,96,98,1,98
13,95,92,1,71
16,74,80,0,66
37,96,77,2,75
14,84,86,1,68
12,92,90,2,69
24,77,65,2,68
8,65,83,3,60
19,77,57,4,64
33,78,72,4,71
11,82,97,2,69
8,64,66,1,60
11,100,58,1,70
25,70,57,4,66
27,68,70,0,68
17,81,61,2,67
24,81,71,1,70
28,78,86,0,69
31,91,94,2,75
19,81,56,1,65
6,84,88,1,65
15,89,55,1,66
17,61,69,1,64
18,83,100,1,66
19,95,53,3,70
27,61,51,1,63
28,76,67,1,66
19,97,98,1,71
27,74,51,2,68
22,78,61,2,68
20,99,80,0,71
25,68,62,1,63
20,63,53,1,60
32,94,53,1,73
11,95,78,4,68
17,79,78,2,70
19,81,85,1,66
23,93,57,1,72
28,90,75,1,70
20,71,80,2,68
11,61,61,3,60
25,79,77,2,68
25,94,85,1,74
8,96,100,1,68
20,98,80,4,72
10,95,93,0,69
16,83,92,2,98
15,78,97,1,68
25,91,86,0,70
21,90,61,1,69
12,82,65,3,64
25,63,89,1,65
11,97,76,2,69
22,78,63,2,67
15,75,83,1,65
18,85,95,2,70
23,87,68,0,68
23,68,80,1,65
28,93,79,0,74
20,72,56,4,65
22,67,55,1,65
17,76,94,3,68
21,89,97,1,68
23,99,95,5,74
19,92,70,2,71
9,98,64,1,67
22,66,97,0,64
22,63,94,0,61
16,82,91,0,66
12,72,67,0,61
29,93,82,5,73
23,87,88,2,70
19,99,79,2,70
13,70,80,1,63
15,79,88,3,69
28,80,88,2,72
21,70,62,2,66
17,84,70,1,68
23,78,89,1,67
15,78,63,2,65
29,75,96,2,68
28,61,92,1,68
17,81,95,2,69
16,73,65,1,66
4,60,55,2,58
11,72,55,0,60
12,71,78,3,67
21,76,65,2,65
18,65,63,1,62
12,80,61,0,65
18,88,78,0,69
23,85,77,0,70
23,92,71,2,70
9,78,57,1,63
19,81,96,0,69
12,92,71,0,64
25,77,56,1,69
25,88,52,1,70
15,77,58,1,64
15,77,65,2,65
17,90,82,0,70
6,67,99,0,60
22,74,64,3,68
18,69,89,2,61
26,74,96,2,68
13,69,70,1,61
16,83,63,2,64
11,92,75,2,66
14,91,95,2,70
13,75,51,3,65
26,100,74,1,74
16,84,88,1,66
21,76,80,3,65
18,93,75,1,69
12,89,78,4,69
19,90,81,2,69
24,68,84,1,66
13,79,68,2,63
25,94,76,1,69
15,80,64,1,65
17,87,99,1,67
23,84,59,1,66
16,94,58,2,67
20,71,63,1,65
18,83,96,0,69
21,65,83,3,65
6,88,73,3,67
9,89,96,0,66
24,62,95,1,64
26,87,70,1,70
15,77,78,0,65
19,65,95,2,65
22,77,66,2,64
24,68,70,1,64
8,77,90,1,61
15,75,85,1,65
18,90,52,5,68
24,91,56,1,70
35,84,92,6,74
19,61,51,1,60
12,97,96,2,71
22,87,64,2,70
28,61,80,2,67
21,93,78,0,68
15,68,70,3,64
26,83,52,0,67
24,79,60,0,65
14,77,81,3,66
22,96,72,1,72
26,77,71,3,69
27,63,55,1,65
20,98,67,0,71
18,97,76,0,72
27,87,54,0,70
13,79,53,1,63
23,64,75,2,66
12,92,78,3,67
26,63,63,1,67
18,63,66,2,62
28,81,90,3,72
23,66,93,1,69
13,60,66,1,61
29,77,68,1,67
29,65,92,0,66
25,66,99,2,68
15,63,66,1,62
18,68,89,0,63
21,89,74,3,70
16,92,63,2,68
30,78,84,1,71
21,80,73,0,65
4,61,63,4,59
22,63,55,2,64
18,70,93,0,67
20,82,94,3,68
18,90,54,1,95
25,84,83,1,70
27,76,58,1,68
22,65,82,2,65
18,91,95,2,70
20,75,63,4,67
20,89,67,2,69
15,81,90,1,68
23,90,87,1,72
23,96,70,1,71
29,97,92,2,75
28,81,96,0,70
16,80,73,2,66
25,71,52,3,67
14,97,75,1,70
24,78,87,2,71
17,65,61,5,64
14,77,55,2,65
22,65,64,1,64
4,80,51,4,62
9,82,86,2,64
19,74,57,1,66
20,63,86,0,64
18,98,62,3,71
11,91,100,4,68
15,94,77,3,70
22,75,52,0,66
23,90,89,2,71
20,79,71,1,68
27,68,80,3,66
22,65,98,4,66
16,74,76,5,65
18,66,90,0,64
12,100,65,1,67
19,62,86,1,65
27,78,55,3,69
24,78,95,1,69
28,72,60,4,69
18,83,65,3,68
28,66,98,0,67
19,91,58,2,68
29,73,63,1,65
20,84,79,3,69
24,89,99,1,73
29,96,85,3,76
19,93,56,0,69
21,84,87,2,69
28,76,71,3,68
19,80,100,1,70
12,91,81,0,64
33,95,77,2,73
17,64,78,1,64
21,75,82,1,65
27,91,87,0,69
16,77,54,0,62
14,73,57,2,64
22,76,65,0,64
9,84,74,5,67
18,100,66,3,69
21,80,61,2,67
18,68,96,1,65
11,67,52,3,63
30,62,97,0,66
21,82,95,1,70
29,82,84,1,70
18,68,52,0,67
15,88,61,0,65
22,90,99,1,70
19,70,95,0,66
13,74,98,1,66
29,100,100,0,72
16,75,53,0,64
9,90,79,4,70
28,78,92,1,71
17,92,66,2,66
16,91,72,0,70
9,87,64,1,64
30,94,52,3,70
12,98,54,2,67
20,83,51,2,65
25,69,76,1,68
23,76,81,3,69
20,90,65,3,68
10,86,91,2,68
15,67,94,0,64
